"scientific_name","family","gbif_records"
"Hordeum vulgare subsp. vulgare","Poaceae","115"
"Grateloupia C.Agardh, 1822","Halymeniaceae","108"
"Broussonetia papyrifera (L.) L'Hér. ex Vent.","Moraceae","53"
"Mazus pumilus (Burm.fil.) Steenis","Mazaceae","50"
"Orychophragmus violaceus (L.) O.E.Schulz","Brassicaceae","50"
"Veronica persica Poir.","Plantaginaceae","50"
"Polygonaceae","Polygonaceae","48"
"Capsella bursa-pastoris (L.) Medik.","Brassicaceae","47"
"Oxalis articulata Savigny","Oxalidaceae","43"
"Nelumbo nucifera Gaertn.","Nelumbonaceae","43"
"Nandina domestica Thunb.","Berberidaceae","42"
"Lamium amplexicaule L.","Lamiaceae","40"
"Mazus gracilis Hemsl.","Mazaceae","38"
"Oxalis corniculata L.","Oxalidaceae","38"
"Spiranthes sinensis (Pers.) Ames","Orchidaceae","37"
"Euphorbia helioscopia L.","Euphorbiaceae","37"
"Youngia japonica (L.) DC.","Asteraceae","36"
"Persicaria (L.) Mill.","Polygonaceae","35"
"Pittosporum tobira (Murray) Aiton fil.","Pittosporaceae","35"
"Polygonum longisetum Bruijn","Polygonaceae","34"
"Oenothera speciosa Nutt.","Onagraceae","34"
"Celtis sinensis Pers.","Cannabaceae","33"
"Polygonum aviculare L.","Polygonaceae","32"
"Vicia sativa L.","Fabaceae","32"
"Trifolium repens L.","Fabaceae","32"
"Ulmus parvifolia Jacq.","Ulmaceae","30"
"Ficus pumila L.","Moraceae","29"
"Cosmos bipinnatus Cav.","Asteraceae","28"
"Ranunculus japonicus Thunb.","Ranunculaceae","27"
"Geranium carolinianum L.","Geraniaceae","27"
"Hordeum vulgare subsp. distichon (L.) Körn.","Poaceae","26"
"Gelidium divaricatum G.Martens, 1868","Gelidiaceae","26"
"Duchesnea indica (Andrews) Focke","Rosaceae","25"
"Iris pseudacorus L.","Iridaceae","25"
"Houttuynia cordata Thunb.","Saururaceae","24"
"Quercus fabrei Hance","Fagaceae","24"
"Semiaquilegia adoxoides (DC.) Makino","Ranunculaceae","24"
"Rhynchosia volubilis Lour.","Fabaceae","23"
"Alternanthera philoxeroides (Mart.) Griseb.","Amaranthaceae","23"
"Elaeagnus pungens Thunb.","Elaeagnaceae","23"
"Humulus scandens (Lour.) Merr.","Cannabaceae","22"
"Elaeagnus argyi H.Lév.","Elaeagnaceae","22"
"Rorippa indica (L.) Hiern","Brassicaceae","22"
"Polygonum lapathifolium var. salicifolium Sibth.","Polygonaceae","22"
"Lepidium virginicum L.","Brassicaceae","22"
"Trigonotis peduncularis (Trevis.) Benth. ex Baker & S.Moore","Boraginaceae","22"
"Ligustrum sinense Lour.","Oleaceae","22"
"Fatsia japonica (Thunb.) Decne. & Planch.","Araliaceae","22"
"Chenopodium L.","Amaranthaceae","21"
"Nerium oleander L.","Apocynaceae","21"
"Rosa multiflora Thunb.","Rosaceae","21"
"Oryza sativa L.","Poaceae","21"
"Pterocarya stenoptera C.DC.","Juglandaceae","21"
"Stellaria media (L.) Vill.","Caryophyllaceae","21"
"Dalbergia hupeana Hance","Fabaceae","21"
"Potentilla indica (Andrews) Th.Wolf","Rosaceae","20"
"Gloiopeltis furcata (Postels & Ruprecht) J.Agardh","Endocladiaceae","20"
"Vinca major L.","Apocynaceae","19"
"Cyrtomium fortunei J.Sm.","Dryopteridaceae","19"
"Ranunculus ternatus Thunb.","Ranunculaceae","19"
"Corallina Linnaeus, 1758","Corallinaceae","19"
"Salix babylonica L.","Salicaceae","18"
"Polygonum perfoliatum (L.) L.","Polygonaceae","18"
"Ligustrum lucidum W.T.Aiton","Oleaceae","18"
"Lysimachia parvifolia Franch.","Primulaceae","18"
"Chenopodium album L.","Amaranthaceae","18"
"Pteris multifida Poir.","Pteridaceae","18"
"Cinnamomum camphora (L.) J.Presl","Lauraceae","18"
"Cudrania tricuspidata (Carrière) Bureau ex Lavallée","Moraceae","17"
"Aphananthe aspera (Thunb.) Planch.","Cannabaceae","17"
"Rumex dentatus L.","Polygonaceae","17"
"Albizia julibrissin Durazz.","Fabaceae","17"
"Lycoris radiata (L'Hér.) Herb.","Amaryllidaceae","17"
"Melia azedarach L.","Meliaceae","17"
"Porphyra C.Agardh, 1824","Bangiaceae","17"
"Portulaca oleracea L.","Portulacaceae","16"
"Sanicula chinensis Bunge","Apiaceae","16"
"Hibiscus mutabilis L.","Malvaceae","16"
"Cocculus orbiculatus (L.) DC.","Menispermaceae","16"
"Chloranthus fortunei (A.Gray) Solms","Chloranthaceae","16"
"Thermopsis R.Br.","Fabaceae","16"
"Polygonum orientale R.Br., 1810","Polygonaceae","16"
"Rumex japonicus Houtt.","Polygonaceae","16"
"Ranunculus sieboldii Miq.","Ranunculaceae","15"
"Dianthus chinensis L.","Caryophyllaceae","15"
"Ranunculus muricatus L.","Ranunculaceae","15"
"Erigeron philadelphicus L.","Asteraceae","15"
"Rumex acetosa L.","Polygonaceae","15"
"Suaeda glauca (Bunge) Bunge","Amaranthaceae","15"
"Ranunculus sceleratus L.","Ranunculaceae","15"
"Ranunculus polii Franch. ex F.B.Forbes & Hemsl.","Ranunculaceae","15"
"Polygonum L.","Polygonaceae","15"
"Lycium chinense Mill.","Solanaceae","15"
"Sapium sebiferum (L.) Dum.Cours.","Euphorbiaceae","15"
"Antirrhinum majus L.","Plantaginaceae","15"
"Androsace umbellata (Lour.) Merr.","Primulaceae","14"
"Gigartina intermedia Surpingar","Gigartinaceae","14"
"Calystegia soldanella (L.) R.Br.","Convolvulaceae","14"
"Akebia quinata (Houtt.) Decne.","Lardizabalaceae","14"
"Cryptotaenia japonica Hassk.","Apiaceae","14"
"Hypnea J.V.F.Lamouroux, 1813","Cystocloniaceae","14"
"Chenopodium glaucum L.","Amaranthaceae","14"
"Myosoton aquaticum (L.) Moench","Caryophyllaceae","14"
"Thalia dealbata Fraser","Marantaceae","14"
"Magnolia liliiflora Desr.","Magnoliaceae","14"
"Zephyranthes candida Herb.","Amaryllidaceae","14"
"Chenopodium serotinum Ledeb.","Amaranthaceae","14"
"Centaurea cyanus L.","Asteraceae","14"
"Polygonum plebeium R.Br.","Polygonaceae","14"
"Stephania japonica (Thunb.) Miers","Menispermaceae","14"
"Lygodium japonicum (Thunb.) Sw.","Lygodiaceae","14"
"Gymnogongrus Martius, 1833","Phyllophoraceae","14"
"Zelkova schneideriana Hand.-Mazz.","Ulmaceae","14"
"Glycine soja Siebold & Zucc.","Fabaceae","14"
"Distylium racemosum Siebold & Zucc.","Hamamelidaceae","14"
"Oxalis debilis Kunth","Oxalidaceae","13"
"Veronica peregrina L.","Plantaginaceae","13"
"Lonicera maackii (Rupr.) Maxim.","Caprifoliaceae","13"
"Cosmos sulphureus Cav.","Asteraceae","13"
"Sedum polytrichoides Hemsl. ex Hemsl. & Forbes","Crassulaceae","13"
"Agrimonia pilosa Ledeb.","Rosaceae","13"
"Viola philippica Cav.","Violaceae","13"
"Hydrocotyle sibthorpioides Lam.","Araliaceae","13"
"Oxalis triangularis A.St.-Hil.","Oxalidaceae","13"
"Acalypha australis L.","Euphorbiaceae","13"
"Zinnia elegans Jacq.","Asteraceae","13"
"Solidago canadensis L.","Asteraceae","13"
"Osmanthus fragrans Lour.","Oleaceae","13"
"Salix wilsonii Seemen","Salicaceae","13"
"Iris japonica Thunb.","Iridaceae","13"
"Melilotus officinalis (L.) Lam.","Fabaceae","12"
"Stemona japonica (Blume) Miq.","Stemonaceae","12"
"Platycarya strobilacea Siebold & Zucc.","Juglandaceae","12"
"Solanum nigrum L.","Solanaceae","12"
"Phytolacca americana L.","Phytolaccaceae","12"
"Platycladus orientalis (L.) Franco","Cupressaceae","12"
"Caragana sinica (Buc'hoz) Rehder","Fabaceae","12"
"Coriandrum sativum L.","Apiaceae","12"
"Setaria viridis (L.) P.Beauv.","Poaceae","12"
"Serissa serissoides (DC.) Druce","Rubiaceae","12"
"Lathyrus palustris L.","Fabaceae","12"
"Arabidopsis thaliana (L.) Heynh.","Brassicaceae","11"
"Pinus thunbergii Parl.","Pinaceae","11"
"Phragmites australis (Cav.) Trin. ex Steud.","Poaceae","11"
"Cunninghamia lanceolata (Lamb.) Hook.","Cupressaceae","11"
"Aucuba japonica Thunb.","Garryaceae","11"
"Caulacanthus okamurae Yamada, 1933","Caulacanthaceae","11"
"Paeonia lactiflora Pall.","Paeoniaceae","11"
"Delphinium anthriscifolium Hance","Ranunculaceae","11"
"Vitex negundo var. cannabifolia (Siebold & Zucc.) Hand.-Mazz.","Lamiaceae","11"
"Cnidium monnieri (L.) Cusson","Apiaceae","11"
"Paederia L.","Rubiaceae","11"
"Euscaphis japonica (Thunb.) Kanitz","Staphyleaceae","11"
"Rubus hirsutus Thunb.","Rosaceae","11"
"Trachelospermum jasminoides (Lindl.) Lem.","Apocynaceae","11"
"Punica granatum L.","Lythraceae","11"
"Plantago asiatica L.","Plantaginaceae","11"
"Melilotus suaveolens Ledeb.","Fabaceae","11"
"Veronica polita Fr.","Plantaginaceae","11"
"Elaeagnus umbellata Thunb.","Elaeagnaceae","11"
"Brassica chinensis L.","Brassicaceae","11"
"Dendranthema indicum (L.) Des Moul.","Asteraceae","11"
"Chaenomeles speciosa (Sweet) Nakai","Rosaceae","10"
"Lagerstroemia indica L.","Lythraceae","10"
"Phaseolus vulgaris L.","Fabaceae","10"
"Astragalus sinicus L.","Fabaceae","10"
"Ilex integra Thunb.","Aquifoliaceae","10"
"Triadica sebifera (L.) Small","Euphorbiaceae","10"
"Corydalis edulis Maxim.","Papaveraceae","10"
"Lithospermum arvense Thunb.","Boraginaceae","10"
"Malus halliana Koehne","Rosaceae","10"
"Cayratia japonica Griseb.","Vitaceae","10"
"Ulmus pumila L.","Ulmaceae","10"
"Lindera glauca (Siebold & Zucc.) Blume","Lauraceae","10"
"Commelina communis L.","Commelinaceae","10"
"Gaura parviflora Douglas ex Lehm.","Onagraceae","10"
"Chondrus Stackhouse, 1797","Gigartinaceae","10"
"Datura stramonium L.","Solanaceae","10"
"Lysimachia mauritiana Lam.","Primulaceae","10"
"Morus alba L.","Moraceae","10"
"Daucus carota L.","Apiaceae","10"
"Glycyrrhiza pallidiflora Maxim.","Fabaceae","10"
"Cerastium glomeratum Thuill.","Caryophyllaceae","10"
"Scrophularia ningpoensis Hemsl.","Scrophulariaceae","10"
"Ligustrum quihoui Carrière","Oleaceae","10"
"Scutellaria indica L.","Lamiaceae","10"
"Calystegia hederacea Wall.","Convolvulaceae","10"
"Changium smyrnioides H.Wolff","Apiaceae","10"
"Asteraceae","Asteraceae","9"
"Lindernia procumbens (Krock.) Borbás","Linderniaceae","9"
"Salvia plebeia R.Br.","Lamiaceae","9"
"Syringa oblata Lindl.","Oleaceae","9"
"Eriobotrya japonica (Thunb.) Lindl.","Rosaceae","9"
"Medicago polymorpha L.","Fabaceae","9"
"Coronopus didymus (L.) Sm.","Brassicaceae","9"
"Rorippa cantoniensis (Lour.) Ohwi","Brassicaceae","9"
"Nanocnide pilosa Migo","Urticaceae","9"
"Cardamine lyrata Bunge","Brassicaceae","9"
"Amphiroa rigida J.V.Lamour.","Lithophyllaceae","9"
"Mirabilis jalapa L.","Nyctaginaceae","9"
"Rubus parvifolius L.","Rosaceae","9"
"Ceratophyllum demersum L.","Ceratophyllaceae","9"
"Gleditsia sinensis Lam.","Fabaceae","9"
"Chelidonium majus L.","Papaveraceae","9"
"Chenopodium acuminatum Willd.","Amaranthaceae","9"
"Amana edulis (Miq.) Honda","Liliaceae","9"
"Chimonanthus praecox (L.) Link","Calycanthaceae","9"
"Gelidium J.V.F.Lamouroux, 1813","Gelidiaceae","9"
"Grateloupia ramosissima Okamura, 1913","Callithamniaceae","9"
"Saxifraga stolonifera Curtis","Saxifragaceae","9"
"Veronica undulata Wall.","Plantaginaceae","9"
"Clerodendrum trichotomum Thunb.","Lamiaceae","9"
"Rhododendron simsii Planch.","Ericaceae","9"
"Cocculus trilobus (Thunb.) DC.","Menispermaceae","9"
"Scutellaria barbata D.Don","Lamiaceae","9"
"Laurus nobilis L.","Lauraceae","8"
"Cerastium fontanum subsp. triviale (E.H.L.Krause) Jalas","Caryophyllaceae","8"
"Galium L.","Rubiaceae","8"
"Glehnia littoralis (A.Gray) F.Schmidt ex Miq.","Apiaceae","8"
"Thlaspi arvense L.","Brassicaceae","8"
"Cucumis melo subsp. melo","Cucurbitaceae","8"
"Zanthoxylum armatum var. ferrugineum (Rehder & E.H.Wilson) C.C.Huang","Rutaceae","8"
"Amaranthus spinosus L.","Amaranthaceae","8"
"Fontanesia phillyreoides subsp. fortunei (Carrière) Yalt.","Oleaceae","8"
"Vitex trifolia var. simplicifolia Cham.","Lamiaceae","8"
"Rotala indica (Willd.) Koehne","Lythraceae","8"
"Forsythia viridissima Lindl.","Oleaceae","8"
"Sagina japonica (Sw. ex Steud.) Ohwi","Caryophyllaceae","8"
"Grateloupia filicina (J.V.Lamour.) C.Agardh","Halymeniaceae","8"
"Hylodesmum podocarpum (DC.) H.Ohashi & R.R.Mill","Fabaceae","8"
"Euphorbia humifusa Willd.","Euphorbiaceae","8"
"Ilex cornuta Lindl. & Paxton","Aquifoliaceae","8"
"Brassica oleracea var. capitata L.","Brassicaceae","8"
"Marsilea quadrifolia L.","Marsileaceae","8"
"Amaranthus viridis L.","Amaranthaceae","8"
"Cyclobalanopsis glauca (Thunb.) Oerst.","Fagaceae","8"
"Salvinia natans (L.) All.","Salviniaceae","8"
"Potamogeton crispus L.","Potamogetonaceae","8"
"Hibiscus syriacus L.","Malvaceae","8"
"Clematis apiifolia DC.","Ranunculaceae","8"
"Polygonum pubescens Blume","Polygonaceae","8"
"Lespedeza tomentosa (Thunb.) Siebold ex Maxim.","Fabaceae","8"
"Aconitum carmichaelii Debeaux","Ranunculaceae","8"
"Myriophyllum spicatum L.","Haloragaceae","8"
"Cyperus iria L.","Cyperaceae","8"
"Trichosanthes kirilowii Maxim.","Cucurbitaceae","8"
"Mollugo stricta L.","Molluginaceae","8"
"Artemisia rubripes Nakai","Asteraceae","8"
"Physalis angulata L.","Solanaceae","8"
"Torenia crustacea (L.) Cham. & Schltdl.","Linderniaceae","7"
"Teucrium japonicum Houtt.","Lamiaceae","7"
"Acanthopanax gracilistylus W.W.Sm.","Araliaceae","7"
"Carpinus putoensis W.C.Cheng","Betulaceae","7"
"Oenanthe javanica (Blume) DC.","Apiaceae","7"
"Agrostis L.","Poaceae","7"
"Hedera helix L.","Araliaceae","7"
"Malus baccata (L.) Borkh.","Rosaceae","7"
"Quercus L.","Fagaceae","7"
"Hedera nepalensis var. sinensis (Tobler) Rehder","Araliaceae","7"
"Taxiphyllum taxirameum (Mitt.) M.Fleisch.","Taxiphyllaceae","7"
"Prionitis J.Agardh, 1851","Halymeniaceae","7"
"Pinus massoniana Lamb.","Pinaceae","7"
"Verbascum thapsus L.","Scrophulariaceae","7"
"Prunella vulgaris L.","Lamiaceae","7"
"Prunus L.","Rosaceae","7"
"Lactuca L.","Asteraceae","7"
"Mentha canadensis L.","Lamiaceae","7"
"Hemisteptia lyrata (Bunge) Fisch. & C.A.Mey.","Asteraceae","7"
"Eucommia ulmoides Oliv.","Eucommiaceae","7"
"Ahnfeltiopsis P.C.Silva & T.C.DeCew, 1992","Phyllophoraceae","7"
"Poncirus trifoliata (L.) Raf.","Rutaceae","7"
"Stellaria neglecta (Lej.) Weihe","Caryophyllaceae","7"
"Lindernia antipoda (L.) Alston","Linderniaceae","7"
"Glycine max subsp. soja (Siebold & Zucc.) H.Ohashi","Fabaceae","7"
"Achyranthes bidentata Blume","Amaranthaceae","7"
"Ficus erecta var. beecheyana (Hook. & Arn.) King","Moraceae","7"
"Ficus carica L.","Moraceae","7"
"Peristrophe japonica (Thunb.) T.Yamaz.","Acanthaceae","7"
"Cupressus funebris Endl.","Cupressaceae","7"
"Fraxinus chinensis Roxb.","Oleaceae","7"
"Eurya japonica Thunb.","Pentaphylacaceae","7"
"Cardamine flexuosa With.","Brassicaceae","7"
"Cyrtomium falcatum (L.fil.) C.Presl","Dryopteridaceae","7"
"Rostellularia procumbens var. linearifolia (Yamam.) S.S.Ying","Acanthaceae","7"
"Ardisia japonica (Thunb.) Blume","Primulaceae","7"
"Rosa L.","Rosaceae","7"
"Farfugium japonicum (L.) Kitam.","Asteraceae","7"
"Lespedeza cuneata (Dum.Cours.) G.Don","Fabaceae","7"
"Lonicera japonica Thunb.","Caprifoliaceae","7"
"Datura tatula L.","Solanaceae","6"
"Salvia cynica Dunn","Lamiaceae","6"
"Euphorbia prostrata Aiton","Euphorbiaceae","6"
"Millettia reticulata Benth.","Fabaceae","6"
"Raphanus sativus L.","Brassicaceae","6"
"Antenoron filiforme var. neofiliforme (Nakai) A.J.Li","Polygonaceae","6"
"Torilis japonica (Houtt.) DC.","Apiaceae","6"
"Cardamine impatiens L.","Brassicaceae","6"
"Aristolochia debilis Siebold & Zucc.","Aristolochiaceae","6"
"Salix matsudana Koidz.","Salicaceae","6"
"Salix matsudana f. tortuosa (Vilm.) Rehder","Salicaceae","6"
"Sagina maxima A.Gray","Caryophyllaceae","6"
"Fatoua villosa (Thunb.) Nakai","Moraceae","6"
"Brassica oleracea var. botrytis L.","Brassicaceae","6"
"Deutzia scabra Thunb.","Hydrangeaceae","6"
"Ruellia simplex C.Wright","Acanthaceae","6"
"Glycine max (L.) Merr.","Fabaceae","6"
"Philadelphus coronarius L.","Hydrangeaceae","6"
"Wahlenbergia marginata (Thunb.) A.DC.","Campanulaceae","6"
"Zanthoxylum simulans Hance","Rutaceae","6"
"Solanum lyratum Thunb.","Solanaceae","6"
"Pittosporum glabratum Lindl.","Pittosporaceae","6"
"Dunbaria villosa (Thunb.) Makino","Fabaceae","6"
"Eleusine indica (L.) Gaertn.","Poaceae","6"
"Bothriospermum zeylanicum (J.Jacq.) Druce","Boraginaceae","6"
"Causonis japonica (Thunb. ex Murray) Raf.","Vitaceae","6"
"Peucedanum japonicum Thunb.","Apiaceae","6"
"Astragalus L.","Fabaceae","6"
"Acer pseudosieboldianum (Pax) Kom.","Sapindaceae","6"
"Anagallis arvensis L.","Primulaceae","6"
"Poa annua L.","Poaceae","6"
"Photinia Lindl.","Rosaceae","6"
"Senecio vulgaris L.","Asteraceae","6"
"Artemisia indica Willd.","Asteraceae","6"
"Papaver somniferum L.","Papaveraceae","6"
"Talinum paniculatum (Jacq.) Gaertn.","Talinaceae","6"
"Sedum emarginatum Migo","Crassulaceae","6"
"Utricularia bifida L.","Lentibulariaceae","6"
"Asparagus cochinchinensis (Lour.) Merr.","Asparagaceae","6"
"Lespedeza bicolor Turcz.","Fabaceae","6"
"Galium bungei Steud.","Rubiaceae","6"
"Paederia scandens (Lour.) Merr.","Rubiaceae","6"
"Berberis julianae C.K.Schneid.","Berberidaceae","6"
"Ligustrum molliculum Hance","Oleaceae","6"
"Polygonum macranthum Meisn.","Polygonaceae","6"
"Ampelopsis heterophylla var. hancei Planch.","Vitaceae","6"
"Agrimonia pilosa var. nepalensis (D.Don) Nakai","Rosaceae","6"
"Arachis hypogaea L.","Fabaceae","6"
"Camellia japonica L.","Theaceae","6"
"Pontederia cordata L.","Pontederiaceae","6"
"Myrica rubra A.Chev.","Myricaceae","6"
"Potamogeton malaianus Miq.","Potamogetonaceae","6"
"Fragaria ×ananassa (Weston) Rozier","Rosaceae","6"
"Potentilla discolor Bunge","Rosaceae","6"
"Abutilon theophrasti Medik.","Malvaceae","6"
"Sanguisorba officinalis L.","Rosaceae","6"
"Euphorbia esula L.","Euphorbiaceae","6"
"Euphorbia maculata L.","Euphorbiaceae","6"
"Quercus acutissima Carruth.","Fagaceae","6"
"Brassica campestris Hegetschw., 1839","Brassicaceae","5"
"Polypogon fugax Nees ex Steud.","Poaceae","5"
"Salix L.","Salicaceae","5"
"Sedum alfredi Hance","Crassulaceae","5"
"Sedum bulbiferum Makino","Crassulaceae","5"
"Batrachium bungei (Steud.) L.Liu","Ranunculaceae","5"
"Malcolmia africana (L.) R.Br.","Brassicaceae","5"
"Lathyrus japonicus Willd.","Fabaceae","5"
"Barbula unguiculata Hedw.","Pottiaceae","5"
"Exochorda racemosa (Lindl.) Rehder","Rosaceae","5"
"Lamium barbatum Siebold & Zucc.","Lamiaceae","5"
"Salsola komarovii Iljin","Amaranthaceae","5"
"Senecio L.","Asteraceae","5"
"Clematis terniflora DC.","Ranunculaceae","5"
"Actinostemma tenerum Griff.","Cucurbitaceae","5"
"Saxifraga sarmentosa L.","Saxifragaceae","5"
"Lablab purpureus (L.) Sweet","Fabaceae","5"
"Ricinus communis L.","Euphorbiaceae","5"
"Koelreuteria paniculata Laxm.","Sapindaceae","5"
"Taraxacum mongolicum Hand.-Mazz.","Asteraceae","5"
"Mosla (Benth.) Buch.-Ham. ex Maxim.","Lamiaceae","5"
"Potamogeton lucens L.","Potamogetonaceae","5"
"Reineckea carnea (Andrews) Kunth","Asparagaceae","5"
"Calamagrostis epigeios Steud.","Poaceae","5"
"Bryum argenteum Hedw.","Bryaceae","5"
"Ranunculus chinensis Bunge","Ranunculaceae","5"
"Boehmeria nivea (L.) Gaudich.","Urticaceae","5"
"Lysimachia christinae Hance","Primulaceae","5"
"Patrinia villosa (Thunb.) Juss.","Caprifoliaceae","5"
"Melothria indica Lour.","Cucurbitaceae","5"
"Lysimachia klattiana Hance","Primulaceae","5"
"Amaranthus albus L.","Amaranthaceae","5"
"Campsis grandiflora (Thunb.) K.Schum.","Bignoniaceae","5"
"Primula L.","Primulaceae","5"
"Glechoma longituba (Nakai) Kuprian.","Lamiaceae","5"
"Ajuga decumbens Thunb.","Lamiaceae","5"
"Magnolia figo (Lour.) DC.","Magnoliaceae","5"
"Flueggea suffruticosa (Pall.) Baill.","Phyllanthaceae","5"
"Zehneria indica (Lour.) Keraudren","Cucurbitaceae","5"
"Celastrus gemmatus Loes.","Celastraceae","5"
"Trapa bicornis L.f., 1782","Lythraceae","5"
"Prunus mume (Siebold) Siebold & Zucc.","Rosaceae","5"
"Sorghum bicolor subsp. bicolor","Poaceae","5"
"Spergularia salina J.Presl & C.Presl","Caryophyllaceae","5"
"Michelia skinneriana Dunn","Magnoliaceae","5"
"Cyperus L.","Cyperaceae","5"
"Eclipta prostrata (L.) L.","Asteraceae","5"
"Viburnum macrocephalum Fortune","Viburnaceae","5"
"Dianthus superbus L.","Caryophyllaceae","5"
"Chamaecyparis pisifera (Siebold & Zucc.) Endl.","Cupressaceae","5"
"Castanea mollissima Blume","Fagaceae","5"
"Hylodesmum podocarpum subsp. oxyphyllum (DC.) H.Ohashi & R.R.Mill","Fabaceae","5"
"Aeschynomene indica L.","Fabaceae","5"
"Hedyotis chrysotricha (Palib.) Merr.","Rubiaceae","5"
"Buddleja lindleyana Fortune ex Lindl.","Scrophulariaceae","5"
"Cyperus difformis L.","Cyperaceae","5"
"Amphiroa J.V.F.Lamouroux, 1812","Lithophyllaceae","5"
"Ficus beecheyana Hook. & Arn.","Moraceae","5"
"Rostellularia procumbens (L.) Nees","Acanthaceae","5"
"Rosa bracteata H.L.Wendl.","Rosaceae","5"
"Alangium chinense (Lour.) Harms","Cornaceae","5"
"Melandrium apricum (Turcz. ex Fisch. & C.A.Mey.) Rohrb.","Caryophyllaceae","5"
"Rorippa globosa (Turcz.) Hayek","Brassicaceae","5"
"Fagopyrum gracilipes (Hemsl.) Dammer","Polygonaceae","5"
"Loropetalum chinense (R.Br.) Oliv.","Hamamelidaceae","5"
"Fimbristylis Vahl","Cyperaceae","5"
"Fraxinus pennsylvanica Marshall","Oleaceae","5"
"Agrimonia pilosa var. japonica (Miq.) Nakai","Rosaceae","5"
"Lobelia chinensis Lour.","Campanulaceae","5"
"Veronica arvensis L.","Plantaginaceae","5"
"Verbena officinalis L.","Verbenaceae","5"
"Venturiella sinensis (Venturi) Müll.Hal.","Erpodiaceae","5"
"Scirpus triqueter Godr.","Cyperaceae","5"
"Mosla soochouensis Matsuda","Lamiaceae","5"
"Ammannia baccifera L.","Lythraceae","5"
"Ligustrum japonicum Thunb.","Oleaceae","5"
"Symplocos paniculata (Thunb.) Miq.","Symplocaceae","5"
"Asplenium incisum Thunb.","Aspleniaceae","4"
"Haplocladium microphyllum (Sw. ex Hedw.) Broth.","Leskeaceae","4"
"Antiotrema dunnianum (Diels) Hand.-Mazz.","Boraginaceae","4"
"Trapa natans L.","Lythraceae","4"
"Alopecurus japonicus Steud.","Poaceae","4"
"Celtis tetrandra subsp. sinensis (Pers.) Y.C.Tang","Cannabaceae","4"
"Typha angustifolia L.","Typhaceae","4"
"Cerastium fontanum Baumg.","Caryophyllaceae","4"
"Phtheirospermum japonicum (Thunb.) Kanitz","Orobanchaceae","4"
"Vicia L.","Fabaceae","4"
"Vicia tetrasperma (L.) Schreb.","Fabaceae","4"
"Vicia unijuga var. apoda Maxim.","Fabaceae","4"
"Thesium chinense Turcz.","Thesiaceae","4"
"Viola diffusa Ging. ex DC.","Violaceae","4"
"Hydrangea macrophylla (Thunb.) Ser.","Hydrangeaceae","4"
"Cuphea hyssopifolia Kunth","Lythraceae","4"
"Hypericum japonicum Thunb.","Hypericaceae","4"
"Wisteria sinensis (Sims) DC.","Fabaceae","4"
"Hypnea cervicornis J.Agardh","Cystocloniaceae","4"
"Youngia Cass.","Asteraceae","4"
"Zannichellia palustris L.","Potamogetonaceae","4"
"Pinellia ternata (Thunb.) Makino","Araceae","4"
"Zanthoxylum L.","Rutaceae","4"
"Chenopodium acuminatum subsp. virgatum (Thunb.) Kitam.","Amaranthaceae","4"
"Zehneria japonica (Thunb.) H.Y.Liu","Cucurbitaceae","4"
"Mallotus repandus (Rottler) Müll.Arg.","Euphorbiaceae","4"
"Pinus parviflora Siebold & Zucc.","Pinaceae","4"
"Imperata cylindrica (L.) Raeusch.","Poaceae","4"
"Ipomoea nil (L.) Roth","Convolvulaceae","4"
"Chionanthus retusus Lindl. & Paxton","Oleaceae","4"
"Plagiorhegma dubium Maxim.","Berberidaceae","4"
"Isachne globosa (Thunb.) Kuntze","Poaceae","4"
"Ixeris (Cass.) Cass.","Asteraceae","4"
"Plantago L.","Plantaginaceae","4"
"Brachythecium plumosum Huds. ex C.E.O.Jensen","Brachytheciaceae","4"
"Clematis chinensis Osbeck","Ranunculaceae","4"
"Aucuba japonica var. variegata Dombrain","Garryaceae","4"
"Podocarpus macrophyllus (Thunb.) Sweet","Podocarpaceae","4"
"Kochia scoparia (L.) Schrad.","Amaranthaceae","4"
"Clematis florida Thunb.","Ranunculaceae","4"
"Lactuca indica L.","Asteraceae","4"
"Podocarpus nagi (Thunb.) Pilg.","Podocarpaceae","4"
"Equisetum hyemale L.","Equisetaceae","4"
"Lathyrus japonicus subsp. japonicus","Fabaceae","4"
"Clinopodium chinense (Benth.) Kuntze","Lamiaceae","4"
"Clinopodium gracile (Benth.) Kuntze","Lamiaceae","4"
"Lepidium apetalum Willd.","Brassicaceae","4"
"Lepidogrammitis drymoglossoides (Baker) Ching","Polypodiaceae","4"
"Leptochloa chinensis (L.) Nees","Poaceae","4"
"Amaranthus tricolor L.","Amaranthaceae","4"
"Coix lacryma-jobi L.","Poaceae","4"
"Polygonum bungeanum Turcz.","Polygonaceae","4"
"Polygonum convolvulus L.","Polygonaceae","4"
"Amethystea caerulea L.","Lamiaceae","4"
"Corallina pilulifera Postels & Ruprecht, 1840","Corallinaceae","4"
"Amorpha fruticosa L.","Fabaceae","4"
"Polygonum multiflorum Thunb.","Polygonaceae","4"
"Liriope muscari (Decne.) L.H.Bailey","Asparagaceae","4"
"Erigeron annuus (L.) Pers.","Asteraceae","4"
"Polygonum nodosum var. incanum Ledeb.","Polygonaceae","4"
"Polygonum persicaria Wahlenb. ex Nyman, 1881","Polygonaceae","4"
"Lonicera maackii f. podocarpa Franch. ex Rehder","Caprifoliaceae","4"
"Corydalis incisa (Thunb.) Pers.","Papaveraceae","4"
"Lysimachia remota Petitm.","Primulaceae","4"
"Corydalis yanhusuo W.T.Wang ex Z.Y.Su & C.Y.Wu","Papaveraceae","4"
"Lysimachia candida Lindl.","Primulaceae","4"
"Brassica juncea (L.) Czern.","Brassicaceae","4"
"Crataegus pinnatifida Bunge","Rosaceae","4"
"Potentilla supina L.","Rosaceae","4"
"Lythrum salicaria L.","Lythraceae","4"
"Prunus serrulata Lindl.","Rosaceae","4"
"Pseudostellaria heterophylla (Miq.) Pax","Caryophyllaceae","4"
"Euonymus alatus (Thunb.) Siebold","Celastraceae","4"
"Euonymus fortunei (Turcz.) Hand.-Mazz.","Celastraceae","4"
"Boehmeria japonica (L.fil.) Miq.","Urticaceae","4"
"Euonymus L.","Celastraceae","4"
"Datura innoxia Mill.","Solanaceae","4"
"Euphorbia makinoi Hayata","Euphorbiaceae","4"
"Cardamine hirsuta L.","Brassicaceae","4"
"Delphinium L.","Ranunculaceae","4"
"Raphanus sativus var. raphanistroides (Makino) Makino","Brassicaceae","4"
"Machilus thunbergii Siebold & Zucc.","Lauraceae","4"
"Rhaphiolepis ferruginea Metcalf","Rosaceae","4"
"Rhaphiolepis umbellata (Thunb.) Makino","Rosaceae","4"
"Ribes fasciculatum var. chinense Maxim.","Grossulariaceae","4"
"Araucaria cunninghamii Aiton ex A.Cunn.","Araucariaceae","4"
"Desmodium caudatum (Thunb.) DC.","Fabaceae","4"
"Rosa multiflora var. cathayensis Rehder & E.H.Wilson","Rosaceae","4"
"Desmodium heterocarpum Endl.","Fabaceae","4"
"Lysimachia fortunei Maxim.","Primulaceae","4"
"Cynanchum mooreanum Hemsl.","Apocynaceae","4"
"Rumex crispus L.","Polygonaceae","4"
"Sabina chinensis (L.) Antoine","Cupressaceae","4"
"Acanthaceae","Acanthaceae","4"
"Arisaema heterophyllum Blume","Araceae","4"
"Salsola collina Pall.","Amaranthaceae","4"
"Lysimachia grammica Hance","Primulaceae","4"
"Sambucus chinensis Lindl.","Viburnaceae","4"
"Fontanesia fortunei Carrière","Oleaceae","4"
"Sassafras tzumu (Hemsl.) Hemsl.","Lauraceae","4"
"Osmunda japonica Thunb.","Osmundaceae","4"
"Paederia foetida L.","Rubiaceae","4"
"Cynanchum rostellatum (Turcz.) Liede & Khanum","Apocynaceae","4"
"Papaver rhoeas L.","Papaveraceae","4"
"Bromus L.","Poaceae","4"
"Bromus remotiflorus (Steud.) Ohwi","Poaceae","4"
"Acer palmatum Thunb.","Sapindaceae","4"
"Sesamum indicum L.","Pedaliaceae","4"
"Sesbania cannabina (Retz.) Poir.","Fabaceae","4"
"Maesa henryi Hu","Primulaceae","4"
"Gelidium amansii","Gelidiaceae","4"
"Silene aprica Turcz. ex Fisch. & C.A.Mey.","Caryophyllaceae","4"
"Silene armeria Asso","Caryophyllaceae","4"
"Silene fortunei Vis.","Caryophyllaceae","4"
"Gigartina Stackhouse, 1809","Gigartinaceae","4"
"Adiantum capillus-veneris L.","Pteridaceae","4"
"Solanum cathayanum C.Y.Wu & S.C.Huang","Solanaceae","4"
"Magnolia denudata Desr.","Magnoliaceae","4"
"Spiraea ×vanhouttei (Briot) Zabel","Rosaceae","4"
"Spiraea cantoniensis Lour.","Rosaceae","4"
"Spuriopimpinella brachycarpa (Kom.) Kitag.","Apiaceae","4"
"Stellaria alsine Grimm","Caryophyllaceae","4"
"Stellaria aquatica (L.) Scop.","Caryophyllaceae","4"
"Suaeda maritima (L.) Dumort.","Amaranthaceae","4"
"Gomphrena globosa L.","Amaranthaceae","4"
"Persicaria lapathifolia (L.) Delarbre","Polygonaceae","4"
"Symplocos Jacq.","Symplocaceae","4"
"Persicaria perfoliata (L.) H.Gross","Polygonaceae","4"
"Metaplexis japonica (Thunb.) Makino","Apocynaceae","4"
"Teucrium viscidum Blume","Lamiaceae","4"
"Cedrus deodara (Lamb.) G.Don","Pinaceae","4"
"Mahonia bealei (Fortune) Carrière","Berberidaceae","4"
"Ajuga nipponensis Makino","Lamiaceae","3"
"Melilotus Mill.","Fabaceae","3"
"Prunus persica (L.) Stokes","Rosaceae","3"
"Brassica napus L.","Brassicaceae","3"
"Veronica polita subsp. lilacina (T.Yamaz.) T.Yamaz.","Plantaginaceae","3"
"Saururus chinensis (Lour.) Baill.","Saururaceae","3"
"Aizoaceae","Aizoaceae","3"
"Brassica L.","Brassicaceae","3"
"Symplocos tanakana Nakai","Symplocaceae","3"
"Populus nigra var. italica (Moench) Koehne","Salicaceae","3"
"Populus davidiana Dode","Salicaceae","3"
"Malva verticillata L.","Malvaceae","3"
"Polypogon monspeliensis (L.) Desf.","Poaceae","3"
"Eriochloa villosa (Thunb.) Kunth","Poaceae","3"
"Ludwigia prostrata Roxb.","Onagraceae","3"
"Lonicera omeiensis (P.S.Hsu & H.J.Wang) P.K.Chou","Caprifoliaceae","3"
"Cornus L.","Cornaceae","3"
"Liriope spicata Lour.","Asparagaceae","3"
"Ahnfeltia Fries, 1836","Ahnfeltiaceae","3"
"Funaria hygrometrica Hedw.","Funariaceae","3"
"Bromus japonicus Houtt.","Poaceae","3"
"Scirpus planiculmis F.Schmidt","Cyperaceae","3"
"Galeopsis bifida Boenn.","Lamiaceae","3"
"Polygonum longisetum var. rotundatum A.J.Li","Polygonaceae","3"
"Polygonum lapathifolium var. lanatum (Roxb.) Steward","Polygonaceae","3"
"Bulbostylis barbata (Rottb.) C.B.Clarke","Cyperaceae","3"
"Lindera angustifolia W.C.Cheng","Lauraceae","3"
"Mosla scabra (Thunb.) C.Y.Wu & H.W.Li","Lamiaceae","3"
"Polygonum caespitosum Blume","Polygonaceae","3"
"Lespedeza pilosa (Thunb.) Siebold & Zucc.","Fabaceae","3"
"Cocculus orbiculatus var. mollis (Wall. ex Hook.fil. & Thomson) H.Hara","Menispermaceae","3"
"Paeonia ×suffruticosa Andrews","Paeoniaceae","3"
"Galium aparine var. echinospermum (Wallr.) T.Durand","Rubiaceae","3"
"Lespedeza formosa (Vogel) Koehne","Fabaceae","3"
"Lespedeza chinensis G.Don","Fabaceae","3"
"Leptochloa panicea (Retz.) Ohwi","Poaceae","3"
"Polygonum argyrocoleum Steud. ex Kunze","Polygonaceae","3"
"Lepidium didymum L.","Brassicaceae","3"
"Verbena bonariensis L.","Verbenaceae","3"
"Cynodon dactylon (L.) Pers.","Poaceae","3"
"Sedum L.","Crassulaceae","3"
"Leonurus japonicus Houtt.","Lamiaceae","3"
"Apium leptophyllum (Pers.) F.Muell.","Apiaceae","3"
"Alternanthera sessilis (L.) R.Br. ex DC.","Amaranthaceae","3"
"Parapholis incurva (L.) C.E.Hubb.","Poaceae","3"
"Lathyrus L.","Fabaceae","3"
"Sedum sarmentosum Bunge","Crassulaceae","3"
"Apium graveolens L.","Apiaceae","3"
"Lantana camara L.","Verbenaceae","3"
"Parathelypteris glanduligera (Kunze) Ching","Thelypteridaceae","3"
"Mosla dianthera (Buch.-Ham. ex Roxb.) Maxim.","Lamiaceae","3"
"Equisetum ramosissimum Desf.","Equisetaceae","3"
"Cleome viscosa L.","Cleomaceae","3"
"Urticaceae","Urticaceae","3"
"Digitaria sanguinalis (L.) Scop.","Poaceae","3"
"Amaranthus retroflexus var. delilei (Richt. & Loret) Thell.","Amaranthaceae","3"
"Avena fatua L.","Poaceae","3"
"Broussonetia kaempferi Siebold","Moraceae","3"
"Kummerowia striata (Thunb.) Schindl.","Fabaceae","3"
"Gypsophila elegans M.Bieb.","Caryophyllaceae","3"
"Podocarpium podocarpum var. oxyphyllum (DC.) Yen C.Yang & P.H.Huang","Fabaceae","3"
"Kalopanax septemlobus (Thunb.) Koidz.","Araliaceae","3"
"Kadsura japonica (L.fil.) Dunal","Schisandraceae","3"
"Grateloupia okamurae Yamada, 1941","Halymeniaceae","3"
"Sesbania aegyptiaca Buch.-Ham. ex Wall.","Fabaceae","3"
"Heteropappus arenarius Kitam.","Asteraceae","3"
"Microlepia strigosa (Thunb.) C.Presl","Dennstaedtiaceae","3"
"Setaria faberi R.A.W.Herrm.","Poaceae","3"
"Setaria glauca Kunth, 1816","Poaceae","3"
"Dioscorea opposita Thunb.","Dioscoreaceae","3"
"Bougainvillea spectabilis Willd.","Nyctaginaceae","3"
"Taraxacum officinale Weber ex F.H.Wigg.","Asteraceae","3"
"Anomodon integerrimus Mitt.","Anomodontaceae","3"
"Cirsium japonicum Fisch. ex DC.","Asteraceae","3"
"Juncus effusus L.","Juncaceae","3"
"Platanus ×acerifolia (Aiton) Willd.","Platanaceae","3"
"Tulbaghia violacea Harv.","Amaryllidaceae","3"
"Antenoron neofiliforme (Nakai) H.Hara","Polygonaceae","3"
"Jasminum mesnyi Hance","Oleaceae","3"
"Echinochloa crus-galli (L.) P.Beauv.","Poaceae","3"
"Silene gallica L.","Caryophyllaceae","3"
"Plantago virginica L.","Plantaginaceae","3"
"Antenoron filiforme (Thunb.) Roberty & Vautier","Polygonaceae","3"
"Gentiana Tourn. ex L.","Gentianaceae","3"
"Silene pendula L.","Caryophyllaceae","3"
"Jasminum humile var. revolutum (Sims) Stokes","Oleaceae","3"
"Diospyros kaki L.f.","Ebenaceae","3"
"Jania J.V.F.Lamouroux, 1812","Corallinaceae","3"
"Monochoria korsakowii Regel & Maack","Pontederiaceae","3"
"Chorisis repens (L.) DC.","Asteraceae","3"
"Elsholtzia ciliata (Thunb.) Hyl.","Lamiaceae","3"
"Sisymbrium heteromallum C.A.Mey.","Brassicaceae","3"
"Dryopteris erythrosora (D.C.Eaton) Kuntze","Dryopteridaceae","3"
"Ginkgo biloba L.","Ginkgoaceae","3"
"Carpopeltis F.Schmitz, 1895","Halymeniaceae","3"
"Echinochloa colonum (L.) Link","Poaceae","3"
"Iris domestica (L.) Goldblatt & Mabb.","Iridaceae","3"
"Helianthus annuus L.","Asteraceae","3"
"Taxodium ascendens Brongn.","Cupressaceae","3"
"Ipomoea triloba L.","Convolvulaceae","3"
"Solanum lycopersicum L.","Solanaceae","3"
"Ipomoea pes-caprae (L.) R.Br.","Convolvulaceae","3"
"Chimonanthus Lindl.","Calycanthaceae","3"
"Pisum sativum L.","Fabaceae","3"
"Solanum tuberosum L.","Solanaceae","3"
"Chenopodium minimum W.Wang & P.Y.Fu","Amaranthaceae","3"
"Cassia tora L.","Fabaceae","3"
"Perilla frutescens (L.) Britton","Lamiaceae","3"
"Chenopodium aristatum L.","Amaranthaceae","3"
"Sophora japonica L.","Fabaceae","3"
"Aster ageratoides Turcz.","Asteraceae","3"
"Pinellia pedatisecta Schott","Araceae","3"
"Charophyta",NULL,"3"
"Sphenomeris chinensis (L.) Maxon","Lindsaeaceae","3"
"Pilea peploides (Gaudich.) Hook. & Arn.","Urticaceae","3"
"Spinacia oleracea L.","Amaranthaceae","3"
"Achyranthes aspera L.","Amaranthaceae","3"
"Hedyotis L.","Rubiaceae","3"
"Spiraea prunifolia Siebold & Zucc.","Rosaceae","3"
"Xanthium inaequilaterum DC.","Asteraceae","3"
"Miscanthus sinensis Andersson","Poaceae","3"
"Spirodela polyrhiza (L.) Schleid.","Araceae","3"
"Vitis pseudoreticulata W.T.Wang","Vitaceae","3"
"Elaeagnus L.","Elaeagnaceae","3"
"Dryopteris peninsulae Kitag.","Dryopteridaceae","3"
"Stachys japonica Miq.","Lamiaceae","3"
"Vitis flexuosa Thunb.","Vitaceae","3"
"Buddleja davidii Franch.","Scrophulariaceae","3"
"Cucumis sativus var. sativus","Cucurbitaceae","3"
"Metaplexis hemsleyana Oliv.","Apocynaceae","3"
"Stellaria L.","Caryophyllaceae","3"
"Elaeagnus bockii Diels","Elaeagnaceae","3"
"Asplenium sarelii Hook.","Aspleniaceae","3"
"Drosera peltata var. glabrata Y.Z.Ruan","Droseraceae","3"
"Phytolacca acinosa Roxb.","Phytolaccaceae","3"
"Hydrocotyle verticillata Thunb.","Araliaceae","3"
"Viola inconspicua Blume","Violaceae","3"
"Viola betonicifolia Sm.","Violaceae","3"
"Villebrunea fruticosa (Gaudich.) Nakai","Urticaceae","3"
"Castanea sativa Mill.","Fagaceae","3"
"Vicia villosa Roth","Fabaceae","3"
"Hordeum vulgare var. trifurcatum (Schltdl.) Alef.","Poaceae","3"
"Castanopsis sclerophylla (Lindl. & Paxton) Schottky","Fagaceae","3"
"Styrax confusus Hemsl.","Styracaceae","3"
"Bothriospermum secundum Maxim.","Boraginaceae","3"
"Casuarina equisetifolia L.","Casuarinaceae","3"
"Mallotus japonicus (L.f.) Müll.Arg.","Euphorbiaceae","3"
"Allium macrostemon Bunge","Amaryllidaceae","3"
"Ehretia acuminata R.Br.","Ehretiaceae","3"
"Torilis scabra (Thunb.) DC.","Apiaceae","3"
"Rumex maritimus L.","Polygonaceae","3"
"Arenaria serpyllifolia L.","Caryophyllaceae","3"
"Rubus L.","Rosaceae","3"
"Rubiaceae","Rubiaceae","3"
"Alkekengi officinarum Moench","Solanaceae","3"
"Edgeworthia chrysantha Lindl.","Thymelaeaceae","3"
"Desmodium Desv.","Fabaceae","3"
"Rostellularia procumbens var. ciliata (Yamam.) S.S.Ying","Acanthaceae","3"
"Fatoua pilosa Gaudich.","Moraceae","3"
"Rorippa islandica (Oeder) Borbás","Brassicaceae","3"
"Dianthus barbatus L.","Caryophyllaceae","3"
"Roegneria kamoji (Ohwi) Ohwi ex Keng","Poaceae","3"
"Medicago sativa L.","Fabaceae","3"
"Orostachys japonica (Maxim.) A.Berger","Crassulaceae","3"
"Fagopyrum esculentum Moench","Polygonaceae","3"
"Cryptomeria fortunei Hooibr.","Cupressaceae","3"
"Rhamnus globosa Bunge","Rhamnaceae","3"
"Symphyotrichum subulatum (Michx.) G.L.Nesom","Asteraceae","3"
"Firmiana simplex (L.) W.Wight","Malvaceae","3"
"Rhamnus davurica P.Lawson","Rhamnaceae","3"
"Rhamnella wilsonii C.K.Schneid.","Rhamnaceae","3"
"Quercus variabilis Blume","Fagaceae","3"
"Agrostis clavata Trin.","Poaceae","3"
"Quercus robur L.","Fagaceae","3"
"Delphinium ajacis L.","Ranunculaceae","3"
"Quercus dentata Thunb.","Fagaceae","3"
"Salvia farinacea Benth.","Lamiaceae","3"
"Blumea megacephala (Randeria) Ching & Tseng","Asteraceae","3"
"Salvia leucantha Cav.","Lamiaceae","3"
"Acer mono Maxim.","Sapindaceae","3"
"Salvia miltiorrhiza Bunge","Lamiaceae","3"
"Neolitsea sericea (Blume) Koidz.","Lauraceae","3"
"Veronicastrum axillare (Siebold & Zucc.) T.Yamaz.","Plantaginaceae","3"
"Canna indica L.","Cannaceae","3"
"Halymenia C.Agardh, 1817","Halymeniaceae","3"
"Cyperus brevifolius (Rottb.) Hassk.","Cyperaceae","3"
"Ptychomitrium sinense (Mitt.) A.Jaeger","Ptychomitriaceae","3"
"Pterostyrax corymbosus Siebold & Zucc.","Styracaceae","3"
"Pterocladia J.Agardh, 1851","Pterocladiaceae","3"
"Pteris dispar Kunze","Pteridaceae","3"
"Crataegus cuneata Siebold & Zucc.","Rosaceae","2"
"Bletilla striata (Thunb.) Rchb.f.","Orchidaceae","2"
"Crocosmia ×crocosmiiflora (Lemoine) N.E.Br.","Iridaceae","2"
"Lysimachia Tourn. ex L.","Primulaceae","2"
"Croton crassifolius Geiseler","Euphorbiaceae","2"
"Maclura Nutt.","Moraceae","2"
"Cryptomeria japonica var. sinensis Miquel ex Sieb. & Zucc.","Cupressaceae","2"
"Maesa japonica (Thunb.) Moritzi ex Zoll.","Primulaceae","2"
"Mallotus apelta (Lour.) Müll.Arg.","Euphorbiaceae","2"
"Ampelopsis Michx.","Vitaceae","2"
"Malus manshurica (Maxim.) Kom. ex Skvortsov","Rosaceae","2"
"Boehmeria frutescens var. concolor (Makino) Nakai","Urticaceae","2"
"Marchantia polymorpha L.","Marchantiaceae","2"
"Acanthopanax senticosus (Rupr. & Maxim.) Harms","Araliaceae","2"
"Cyclosorus acuminatus (Panz.) Nakai ex H.Ito","Thelypteridaceae","2"
"Mazus miquelii Makino","Mazaceae","2"
"Cynanchum auriculatum Royle ex Wight","Apocynaceae","2"
"Melastoma L.","Melastomataceae","2"
"Melilotus indicus (L.) All.","Fabaceae","2"
"Meliosma parviflora Lecomte","Sabiaceae","2"
"Melochia corchorifolia L.","Malvaceae","2"
"Boraginaceae","Boraginaceae","2"
"Cynanchum thesioides (Freyn) K.Schum.","Apocynaceae","2"
"Mentha arvensis L.","Lamiaceae","2"
"Mentha haplocalyx Briq.","Lamiaceae","2"
"Merremia hederacea (Burm.fil.) Hallier fil.","Convolvulaceae","2"
"Cyperaceae","Cyperaceae","2"
"Metasequoia glyptostroboides H.H.Hu & W.C.Cheng","Cupressaceae","2"
"Michelia figo (Lour.) Spreng.","Magnoliaceae","2"
"Michelia yunnanensis Franch. ex Finet & Gagnep.","Magnoliaceae","2"
"Microsorum buergerianum (Miq.) Ching","Polypodiaceae","2"
"Cyperus compressus L.","Cyperaceae","2"
"Microstegium vimineum (Trin.) A.Camus","Poaceae","2"
"Miscanthus floridulus (Labill.) Warb. ex K.Schum. & Lauterb.","Poaceae","2"
"Momordica cochinchinensis (Lour.) Spreng.","Cucurbitaceae","2"
"Monochasma sheareri (S.Moore) Maxim. ex Franch. & Sav.","Orobanchaceae","2"
"Monochoria vaginalis var. plantaginea (Roxb.) Solms","Pontederiaceae","2"
"Moricandia sonchifolia (Bunge) Hook.f.","Brassicaceae","2"
"Mosla hangchowensis Matsuda","Lamiaceae","2"
"Brassica integrifolia (H.West) O.E.Schulz","Brassicaceae","2"
"Dalbergia dyeriana Prain","Fabaceae","2"
"Myrtaceae","Myrtaceae","2"
"Myrtus communis L.","Myrtaceae","2"
"Najas gracillima (A.Braun ex Engelm.) Magnus","Hydrocharitaceae","2"
"Datura inermis Juss. ex Jacq.","Solanaceae","2"
"Nanocnide lobata Wedd.","Urticaceae","2"
"Datura L.","Solanaceae","2"
"Datura metel L.","Solanaceae","2"
"Brassica narinosa L.H.Bailey","Brassicaceae","2"
"Nymphaea nouchali Burm.fil.","Nymphaeaceae","2"
"Ocimum basilicum L.","Lamiaceae","2"
"Oenanthe L.","Apiaceae","2"
"Oenothera lindheimeri (Engelm. & A.Gray) W.L.Wagner & Hoch","Onagraceae","2"
"Aconitum volubile var. pubescens Regel","Ranunculaceae","2"
"Okamuraea brachydictyon (Cardot) Nog.","Brachytheciaceae","2"
"Oldenlandia biflora Lam.","Rubiaceae","2"
"Desmodium fallax var. mandshuricum (Maxim.) Nakai","Fabaceae","2"
"Desmodium racemosum DC.","Fabaceae","2"
"Oplismenus undulatifolius var. binatus S.L.Chen & Y.X.Jin","Poaceae","2"
"Deutzia gracilis Siebold & Zucc.","Hydrangeaceae","2"
"Deutzia scabra f. plena (Maxim.) C.K.Schneid.","Hydrangeaceae","2"
"Anemone chinensis Bunge","Ranunculaceae","2"
"Dichondra repens J.R.Forst. & G.Forst.","Convolvulaceae","2"
"Dichroa febrifuga Lour.","Hydrangeaceae","2"
"Brassica rapa L.","Brassicaceae","2"
"Dicranopteris pedata (Houtt.) Nakaike","Gleicheniaceae","2"
"Paspalum distichum L.","Poaceae","2"
"Paspalum scrobiculatum L.","Poaceae","2"
"Diospyros L.","Ebenaceae","2"
"Diospyros rhombifolia Hemsl.","Ebenaceae","2"
"Penthorum sedoides L.","Penthoraceae","2"
"Perilla frutescens var. acuta (Thunb.) Kudô","Lamiaceae","2"
"Bryum pallescens Schleich. ex Schwägr.","Bryaceae","2"
"Perilla L.","Lamiaceae","2"
"Persicaria orientalis (L.) Spach","Polygonaceae","2"
"Phacelurus latifolius var. angustifolius (Debeaux) Kitag.","Poaceae","2"
"Phaenosperma globosum Munro ex Benth.","Poaceae","2"
"Dryopteris fuscipes C.Chr.","Dryopteridaceae","2"
"Anthriscus sylvestris (L.) Hoffm.","Apiaceae","2"
"Pharbitis nil (L.) Choisy","Convolvulaceae","2"
"Phaseolus L.","Fabaceae","2"
"Phegopteris decursive-pinnata (H.C.Hall) Fée","Thelypteridaceae","2"
"Philadelphus pekinensis Rupr.","Hydrangeaceae","2"
"Phlomis L.","Lamiaceae","2"
"Echinochloa P.Beauv.","Poaceae","2"
"Echinochloa walteri f. laevigata Wiegand","Poaceae","2"
"Eclipta alba (L.) Hassk.","Asteraceae","2"
"Phryma leptostachya L.","Phrymaceae","2"
"Bupleurum scorzonerifolium Willd.","Apiaceae","2"
"Phymatolithon Foslie, 1898","Hapalidiaceae","2"
"Buxus L.","Buxaceae","2"
"Physalis alkekengi var. franchetii (Mast.) Makino","Solanaceae","2"
"Buxus microphylla Siebold & Zucc.","Buxaceae","2"
"Physalis minima L.","Solanaceae","2"
"Physcomitrium systylioides Müll.Hal.","Funariaceae","2"
"Picris japonica Thunb.","Asteraceae","2"
"Pilea microphylla (L.) Liebm.","Urticaceae","2"
"Buxus sinica (Rehder & E.H.Wilson) M.Cheng","Buxaceae","2"
"Pinus bungeana Zucc. ex Endl.","Pinaceae","2"
"Eleutherococcus gracilistylus (W.W.Sm.) S.Y.Hu","Araliaceae","2"
"Caesalpinia sepiaria Roxb.","Fabaceae","2"
"Elsholtzia oldhamii Hemsl.","Lamiaceae","2"
"Plantago major L.","Plantaginaceae","2"
"Platycodon grandiflorus (Jacq.) A.DC.","Campanulaceae","2"
"Poa acroleuca Steud.","Poaceae","2"
"Emilia sonchifolia (L.) DC. ex Wight","Asteraceae","2"
"Entodon Müll.Hal.","Entodontaceae","2"
"Calamintha gracilis Benth.","Lamiaceae","2"
"Poaceae","Poaceae","2"
"Aphananthe Planch.","Cannabaceae","2"
"Acorus gramineus Aiton","Acoraceae","2"
"Apocynaceae","Apocynaceae","2"
"Polygonum aviculare var. vegetum Ledeb.","Polygonaceae","2"
"Actaea asiatica H.Hara","Ranunculaceae","2"
"Aquilegia vulgaris L.","Ranunculaceae","2"
"Acer buergerianum Miq.","Sapindaceae","2"
"Erigeron canadensis L.","Asteraceae","2"
"Polygonum senticosum (Meisn.) Franch. & Sav.","Polygonaceae","2"
"Eriocaulon sieboldianum Siebold & Zucc. ex Steud.","Eriocaulaceae","2"
"Pontederia crassipes Mart.","Pontederiaceae","2"
"Populus ×canadensis Moench","Salicaceae","2"
"Portulaca grandiflora Hook.","Portulacaceae","2"
"Potamogeton distinctus A.Benn.","Potamogetonaceae","2"
"Potamogeton pectinatus L.","Potamogetonaceae","2"
"Eruca sativa Hill","Brassicaceae","2"
"Potentilla chinensis Ser.","Rosaceae","2"
"Arachniodes aristata (G.Forst.) Tindale","Dryopteridaceae","2"
"Erysimum cheiranthoides L.","Brassicaceae","2"
"Eschscholzia californica Cham.","Papaveraceae","2"
"Prunus cerasifera Ehrh.","Rosaceae","2"
"Campylotropis hirtella (Franch.) Schindl.","Fabaceae","2"
"Pteris vittata L.","Pteridaceae","2"
"Pterocypsela formosana (Maxim.) C.Shih","Asteraceae","2"
"Euonymus japonicus Thunb.","Celastraceae","2"
"Pueraria DC.","Fabaceae","2"
"Euonymus maackii Rupr.","Celastraceae","2"
"Canna ×hybrida Rodigas","Cannaceae","2"
"Pycreus sanguinolentus (Vahl) Nees","Cyperaceae","2"
"Capillipedium parviflorum (R.Br.) Stapf","Poaceae","2"
"Caprifoliaceae","Caprifoliaceae","2"
"Pyrus L.","Rosaceae","2"
"Quercus aliena Blume","Fagaceae","2"
"Quercus gilva Blume","Fagaceae","2"
"Capsicum annuum L.","Solanaceae","2"
"Euphorbia pekinensis Rupr.","Euphorbiaceae","2"
"Ranunculus asiaticus L.","Ranunculaceae","2"
"Ranunculus L.","Ranunculaceae","2"
"Eurhynchium polystictum Paris","Brachytheciaceae","2"
"Eurya emarginata (Thunb.) Makino","Pentaphylacaceae","2"
"Rhamnella franguloides (Maxim.) Weberb.","Rhamnaceae","2"
"Rhamnella Miq.","Rhamnaceae","2"
"Rhamnus L.","Rhamnaceae","2"
"Rhus L.","Anacardiaceae","2"
"Euryops chrysanthemoides (DC.) B.Nord.","Asteraceae","2"
"Fabaceae","Fabaceae","2"
"Robinia pseudoacacia L.","Fabaceae","2"
"Roegneria japonensis (Honda) Keng & S.L.Chen","Poaceae","2"
"Fagopyrum tataricum (L.) Gaertn.","Polygonaceae","2"
"Rosa giraldii Crép.","Rosaceae","2"
"Rotheca myricoides (Hochst.) Steane & Mabb.","Lamiaceae","2"
"Rubia cordifolia L.","Rubiaceae","2"
"Rubia L.","Rubiaceae","2"
"Rubus buergeri Miq.","Rosaceae","2"
"Rubus hirsutus var. argyi (H.Lév.) Nakai","Rosaceae","2"
"Rubus lambertianus Ser.","Rosaceae","2"
"Ficus erecta Thunb.","Moraceae","2"
"Rumex trisetifer Stokes","Polygonaceae","2"
"Argyranthemum frutescens (L.) Sch.Bip.","Asteraceae","2"
"Fimbristylis miliacea (L.) Vahl","Cyperaceae","2"
"Fimbristylis subbispicata Nees","Cyperaceae","2"
"Salix cheilophila C.K.Schneid.","Salicaceae","2"
"Salvia chinensis Benth.","Lamiaceae","2"
"Salvia japonica Thunb.","Lamiaceae","2"
"Salvia uliginosa Benth.","Lamiaceae","2"
"Sambucus L.","Viburnaceae","2"
"Sapindus L.","Sapindaceae","2"
"Armeniaca mandshurica (Maxim.) Skvortsov","Rosaceae","2"
"Saponaria officinalis L.","Caryophyllaceae","2"
"Artemisia anethifolia Weber ex Stechm.","Asteraceae","2"
"Carex drymophila var. abbreviata (Kük.) Ohwi","Cyperaceae","2"
"Fraxinus insularis Hemsl.","Oleaceae","2"
"Artemisia angustissima Nakai","Asteraceae","2"
"Artemisia annua L.","Asteraceae","2"
"Artemisia apiacea var. schochii (Mattf.) Hand.-Mazz., 1936","Asteraceae","2"
"Carex kobomugi Ohwi","Cyperaceae","2"
"Carex L.","Cyperaceae","2"
"Alangium Lam.","Cornaceae","2"
"Carex leucochlora Bunge","Cyperaceae","2"
"Scoparia dulcis L.","Plantaginaceae","2"
"Actinodaphne Nees","Lauraceae","2"
"Scutellaria L.","Lamiaceae","2"
"Galium bungei var. hispidum (Matsuda) Cufod.","Rubiaceae","2"
"Galium dahuricum Turcz. ex Ledeb.","Rubiaceae","2"
"Sedum japonicum Siebold ex Miq.","Crassulaceae","2"
"Sedum mexicanum Britton","Crassulaceae","2"
"Sedum onychopetalum Fröd.","Crassulaceae","2"
"Galium spurium L.","Rubiaceae","2"
"Gardenia augusta Merr.","Rubiaceae","2"
"Gardenia jasminoides J.Ellis","Rubiaceae","2"
"Carex siderosticta Hance","Cyperaceae","2"
"Carex tato Chang","Cyperaceae","2"
"Acanthopanax gracilistylus var. nodiflorus (Dunn) H.L.Li","Araliaceae","2"
"Sequoia sempervirens (D.Don) Endl.","Cupressaceae","2"
"Serissa japonica (Thunb.) Thunb.","Rubiaceae","2"
"Setaria chondrachne (Steud.) Honda","Poaceae","2"
"Setaria plicata (Lam.) T.Cooke","Poaceae","2"
"Carpesium abrotanoides L.","Asteraceae","2"
"Siegesbeckia orientalis L.","Asteraceae","2"
"Silene conoidea L.","Caryophyllaceae","2"
"Gentiana striata Maxim.","Gentianaceae","2"
"Geranium chinense Migo","Geraniaceae","2"
"Sisymbriopsis Botsch. & Tzvelev","Brassicaceae","2"
"Solanum aviculare G.Forst.","Solanaceae","2"
"Caryopteris incana (Thunb. ex Houtt.) Miq.","Lamiaceae","2"
"Solanum L.","Solanaceae","2"
"Sonchus oleraceus L.","Asteraceae","2"
"Sophora flavescens Aiton","Fabaceae","2"
"Spergularia marina (L.) Besser","Caryophyllaceae","2"
"Sporobolus elongatus R.Br.","Poaceae","2"
"Gloiopeltis tenax (Turner) Agardh","Endocladiaceae","2"
"Gloiosiphonia Carmichael, 1833","Gloiosiphoniaceae","2"
"Strobilanthes affinis (Griff.) Terao ex J.R.I.Wood & J.R.Benn.","Acanthaceae","2"
"Gnaphalium L.","Asteraceae","2"
"Suaeda salsa (L.) Pall.","Amaranthaceae","2"
"Symphyotrichum Nees","Asteraceae","2"
"Caulacanthus Kützing, 1843","Caulacanthaceae","2"
"Syneilesis aconitifolia (Bunge) Maxim.","Asteraceae","2"
"Syringa vulgaris L.","Oleaceae","2"
"Tamarix chinensis Lour.","Tamaricaceae","2"
"Grevillea robusta A.Cunn. ex R.Br.","Proteaceae","2"
"Caulacanthus ustulatus (Mert. ex Turner) Kütz.","Caulacanthaceae","2"
"Tarenaya Raf.","Cleomaceae","2"
"Grewia L.","Malvaceae","2"
"Cayratia japonica var. japonica","Vitaceae","2"
"Tetragonia expansa Thunb., 1794","Aizoaceae","2"
"Tetrapanax papyrifer (Hook.) K.Koch","Araliaceae","2"
"Thermopsis chinensis Benth. ex S.Moore","Fabaceae","2"
"Torenia concolor var. formosana T.Yamaz.","Linderniaceae","2"
"Arthraxon lanceolatus (Roxb.) Hochst.","Poaceae","2"
"Celosia argentea L.","Amaranthaceae","2"
"Tortula muralis Hedw.","Pottiaceae","2"
"Trachelospermum Lem.","Apocynaceae","2"
"Trachycarpus fortunei (Hook.) H.Wendl.","Arecaceae","2"
"Tradescantia fluminensis Vell.","Commelinaceae","2"
"Hedyotis coreana H.Lév.","Rubiaceae","2"
"Trigonotis Steven","Boraginaceae","2"
"Helicia cochinchinensis Lour.","Proteaceae","2"
"Trisetum Pers.","Poaceae","2"
"Celtis biondii var. holophylla (Nakai) E.W.Ma","Cannabaceae","2"
"Arundo donax L.","Poaceae","2"
"Alsophila spinulosa (Wall. ex Hook.) R.M.Tryon","Cyatheaceae","2"
"Centella asiatica (L.) Urb.","Apiaceae","2"
"Heteropappus hispidus subsp. arenarius (Kitam.) Kitam.","Asteraceae","2"
"Cerastium caespitosum f. glandulosum (Boenn.) Sved., Junell & Örtendahl","Caryophyllaceae","2"
"Veronicastrum sibiricum (L.) Pennell","Plantaginaceae","2"
"Hordeum vulgare L.","Poaceae","2"
"Viburnum macrocephalum f. keteleeri (Carrière) Rehder","Viburnaceae","2"
"Viburnum odoratissimum Ker Gawl.","Viburnaceae","2"
"Viburnum setigerum Hance","Viburnaceae","2"
"Vicia amoena Fisch. ex Ser.","Fabaceae","2"
"Vicia cracca L.","Fabaceae","2"
"Vicia faba L.","Fabaceae","2"
"Vicia hirsuta (L.) Gray","Fabaceae","2"
"Hovenia acerba Lindl.","Rhamnaceae","2"
"Vigna Savi","Fabaceae","2"
"Cerastium L.","Caryophyllaceae","2"
"Viola lactiflora Nakai","Violaceae","2"
"Hydrocharis dubia (Blume) Backer","Hydrocharitaceae","2"
"Hygrohypnum palustre (Huds. ex Brid.) Loeske","Amblystegiaceae","2"
"Vitex trifolia var. trifolia","Lamiaceae","2"
"Cercis chinensis Bunge","Fabaceae","2"
"Vitis L.","Vitaceae","2"
"Hypericum monogynum L.","Hypericaceae","2"
"Hypericum sampsonii Hance","Hypericaceae","2"
"Weissia viridula Hedw. ex Brid.","Pottiaceae","2"
"Xanthium sibiricum Patrin ex Widder","Asteraceae","2"
"Xanthium strumarium L.","Asteraceae","2"
"Cheilosporum (Decaisne) Zanardini, 1844","Corallinaceae","2"
"Hypodematium squamulosopilosum Ching","Hypodematiaceae","2"
"Zanthoxylum armatum DC.","Rutaceae","2"
"Zea mays L.","Poaceae","2"
"Zephyranthes carinata Herb.","Amaryllidaceae","2"
"Ilex macrocarpa Oliv.","Aquifoliaceae","2"
"Impatiens balsamina L.","Balsaminaceae","2"
"Chenopodium botrys L.","Amaranthaceae","2"
"Inula japonica Thunb.","Asteraceae","2"
"Ipomoea aquatica Forssk.","Convolvulaceae","2"
"Aster smithianus Hand.-Mazz.","Asteraceae","2"
"Choerospondias axillaris (Roxb.) B.L.Burtt & A.W.Hill","Anacardiaceae","2"
"Iris pseudorossii S.S.Chien","Iridaceae","2"
"Iris ruthenica Ker Gawl.","Iridaceae","2"
"Iris tectorum Maxim.","Iridaceae","2"
"Amaranthus ascendens Loisel.","Amaranthaceae","2"
"Chondrus ocellatus Holmes, 1896","Gigartinaceae","2"
"Isatis indigotica Fortune ex Lindl.","Brassicaceae","2"
"Ischaemum hondae Matsuda","Poaceae","2"
"Amaranthus blitoides S.Watson","Amaranthaceae","2"
"Amaranthus hybridus L.","Amaranthaceae","2"
"Cinnamomum burmanni (Nees & T.Nees) Blume","Lauraceae","2"
"Jasminum multiflorum (Burm.f.) Andrews","Oleaceae","2"
"Juglans cathayensis Dode","Juglandaceae","2"
"Cinnamomum Schaeff.","Lauraceae","2"
"Cirsium Mill.","Asteraceae","2"
"Amaranthus paniculatus Wall., 1832","Amaranthaceae","2"
"Atriplex micrantha Ledeb.","Amaranthaceae","2"
"Kadsura longipedunculata Finet & Gagnep.","Schisandraceae","2"
"Kalanchoe blossfeldiana Poelln.","Crassulaceae","2"
"Citrus grandis Hassk., 1842","Rutaceae","2"
"Atriplex patens (Litv.) Iljin","Amaranthaceae","2"
"Citrus medica var. sarcodactylis (Hoola van Nooten) Swingle","Rutaceae","2"
"Atropa belladonna L.","Solanaceae","2"
"Clematis armandii Franch.","Ranunculaceae","2"
"Kerria japonica f. pleniflora (Witte) Rehder","Rosaceae","2"
"Clematis finetiana H.Lév. & Vaniot","Ranunculaceae","2"
"Bambusa multiplex (Lour.) Raeusch. ex Schult.f.","Poaceae","2"
"Bambusa Schreb.","Poaceae","2"
"Lamium album L.","Lamiaceae","2"
"Clerodendrum japonicum (Thunb.) Sweet","Lamiaceae","2"
"Barleria cristata L.","Acanthaceae","2"
"Barnardia japonica (Thunb.) Schult. & Schult.f.","Asparagaceae","2"
"Basella alba L.","Basellaceae","2"
"Clinopodium L.","Lamiaceae","2"
"Lepisorus thunbergianus (Kaulf.) Ching","Polypodiaceae","2"
"Lepyrodiclis holosteoides (C.A.Mey.) Fenzl ex Fisch. & C.A.Mey.","Caryophyllaceae","2"
"Lespedeza juncea (L.f.) Pers.","Fabaceae","2"
"Beckmannia syzigachne (Steud.) Fernald","Poaceae","2"
"Combretum Loefl.","Combretaceae","2"
"Abies firma Siebold & Zucc.","Pinaceae","2"
"Ligustrum L.","Oleaceae","2"
"Lilium brownii F.E.Br. ex Miellez","Liliaceae","2"
"Convallaria keiskei Miq.","Asparagaceae","2"
"Lindbergia sinensis (Müll.Hal.) Broth.","Leskeaceae","2"
"Aconitum macrorhynchum Turcz. ex Ledeb.","Ranunculaceae","2"
"Convolvulus arvensis L.","Convolvulaceae","2"
"Conyza bonariensis (L.) Cronquist","Asteraceae","2"
"Corchoropsis psilocarpa Harms & Loes.","Malvaceae","2"
"Liquidambar formosana Hance","Altingiaceae","2"
"Corchorus acutangulus Lam.","Malvaceae","2"
"Liriodendron chinense (Hemsl.) Sarg.","Magnoliaceae","2"
"Coreopsis lanceolata L.","Asteraceae","2"
"Corispermum declinatum var. tylocarpum (Hance) C.P.Tsien & C.G.Ma","Amaranthaceae","2"
"Ageratum houstonianum Mill.","Asteraceae","2"
"Lithothamnion Heydrich, 1897","Hapalidiaceae","2"
"Bidens L.","Asteraceae","2"
"Lolium multiflorum Lam.","Poaceae","2"
"Cortaderia selloana (Schult. & Schult.f.) Asch. & Graebn.","Poaceae","2"
"Lotus corniculatus L.","Fabaceae","2"
"Corydalis decumbens (Thunb.) Pers.","Papaveraceae","2"
"Luffa cylindrica (L.) M.Roem.","Cucurbitaceae","2"
"Lychnis cognata Maxim.","Caryophyllaceae","2"
"Lychnis coronaria (L.) Desr.","Caryophyllaceae","2"
"Ampelopsis humulifolia Bunge","Vitaceae","2"
"Bischofia trifoliata (Roxb.) Hook.","Phyllanthaceae","2"
"Corylopsis sinensis Hemsl.","Hamamelidaceae","2"
"Lycoris Herb.","Amaryllidaceae","2"
"Corylus heterophylla Fisch. ex Trautv.","Betulaceae","2"
"Lycoris squamigera Maxim.","Amaryllidaceae","2"
"Zoysia sinica Hance","Poaceae","1"
"Abelmoschus esculentus (L.) Moench","Malvaceae","1"
"Abelmoschus sagittifolius (Kurz) Merr.","Malvaceae","1"
"Acacia Mill.","Fabaceae","1"
"Acalypha wilkesiana Müll.Arg.","Euphorbiaceae","1"
"Acanthopanax Miq.","Araliaceae","1"
"Acer barbinerve Maxim.","Sapindaceae","1"
"Acer fabri Hance","Sapindaceae","1"
"Acer japonicum Thunb.","Sapindaceae","1"
"Acer negundo L.","Sapindaceae","1"
"Achillea alpina L.","Asteraceae","1"
"Aconitum kusnezoffii Rchb.","Ranunculaceae","1"
"Aconitum umbrosum (Korsh.) Kom.","Ranunculaceae","1"
"Acorus calamus L.","Acoraceae","1"
"Actinidia callosa var. henryi Maxim.","Actinidiaceae","1"
"Actinidia davidii Franch.","Actinidiaceae","1"
"Actinidia melliana Hand.-Mazz.","Actinidiaceae","1"
"Actinidia polygama (Siebold & Zucc.) Maxim.","Actinidiaceae","1"
"Adenophora Fisch.","Campanulaceae","1"
"Adenophora stricta Miq.","Campanulaceae","1"
"Adiantum capillus-junonis Rupr.","Pteridaceae","1"
"Adiantum diaphanum Blume","Pteridaceae","1"
"Adiantum flabellulatum L.","Pteridaceae","1"
"Adonis amurensis Regel & Radde","Ranunculaceae","1"
"Aesculus chinensis Bunge","Sapindaceae","1"
"Aesculus L.","Sapindaceae","1"
"Agastache rugosa (Fisch. & C.A.Mey.) Kuntze","Lamiaceae","1"
"Agrostemma githago L.","Caryophyllaceae","1"
"Agrostis sibirica Petrov","Poaceae","1"
"Ailanthus altissima (Mill.) Swingle","Simaroubaceae","1"
"Ailanthus altissima var. tanakai (Hayata) Kaneh. & Sas.","Simaroubaceae","1"
"Ainsliaea DC.","Asteraceae","1"
"Ainsliaea fragrans Champ. ex Benth.","Asteraceae","1"
"Ajuga labordei Vaniot","Lamiaceae","1"
"Alangium chinense subsp. strigosum W.P.Fang","Cornaceae","1"
"Alangium kurzii Craib","Cornaceae","1"
"Alangium platanifolium (Siebold & Zucc.) Harms","Cornaceae","1"
"Albizia kalkora (Roxb.) Prain","Fabaceae","1"
"Albizzia Durazz.","Fabaceae","1"
"Alcea rosea L.","Malvaceae","1"
"Alchornea davidii Franch.","Euphorbiaceae","1"
"Alchornea Sw.","Euphorbiaceae","1"
"Alliaria petiolata (M.Bieb.) Cavara & Grande","Brassicaceae","1"
"Allium sativum var. sativum","Amaryllidaceae","1"
"Althaea officinalis L.","Malvaceae","1"
"Althaea rosea Hohen. ex Boiss., 1856","Malvaceae","1"
"Amaranthus L.","Amaranthaceae","1"
"Amelanchier asiatica (Siebold & Zucc.) Endl. ex Walp.","Rosaceae","1"
"Ammannia multiflora Roxb.","Lythraceae","1"
"Amorpha glabra Poir.","Fabaceae","1"
"Ampelopsis brevipedunculata Koehne, 1893","Vitaceae","1"
"Ampelopsis glandulosa var. brevipedunculata (Maxim.) Momiy.","Vitaceae","1"
"Ampelopsis heterophylla var. vestita Rehder","Vitaceae","1"
"Amphicarpaea trisperma (Miq.) B.D.Jacks.","Fabaceae","1"
"Amphiroa zonata Yendo, 1902","Lithophyllaceae","1"
"Anaphalis DC.","Asteraceae","1"
"Anemarrhena asphodeloides Bunge","Asparagaceae","1"
"Angelica dahurica (Hoffm.) Benth. & Hook.fil. ex Franch. & Sav.","Apiaceae","1"
"Angelica valida Diels","Apiaceae","1"
"Antirrhinum L.","Plantaginaceae","1"
"Apiaceae","Apiaceae","1"
"Aquilegia viridiflora f. atropurpurea (Willd.) Kitag.","Ranunculaceae","1"
"Arabis pendula Steller ex DC.","Brassicaceae","1"
"Arachniodes Blume","Dryopteridaceae","1"
"Arachniodes pseudoaristata (Tagawa) Ohwi","Dryopteridaceae","1"
"Arachniodes rhomboidea (Schott) Ching","Dryopteridaceae","1"
"Aralia chinensis L.","Araliaceae","1"
"Aralia cordata Thunb.","Araliaceae","1"
"Ardisia crenata Sims","Primulaceae","1"
"Arenaria serpyllifolia var. leptoclados Rchb.","Caryophyllaceae","1"
"Aristolochia mollissima Hance","Aristolochiaceae","1"
"Artemisia carvifolia var. apiacea (Hance) Pamp.","Asteraceae","1"
"Artemisia eriopoda Bunge","Asteraceae","1"
"Artemisia integrifolia L.","Asteraceae","1"
"Artemisia japonica var. manshurica Kom.","Asteraceae","1"
"Artemisia L.","Asteraceae","1"
"Artemisia lavandulaefolia Miq.","Asteraceae","1"
"Artemisia lavandulifolia var. lancea (Vaniot) Pamp., 1930","Asteraceae","1"
"Artemisia sieversiana Ehrh. ex Willd.","Asteraceae","1"
"Artemisia sylvatica Maxim.","Asteraceae","1"
"Artemisia vulgaris L.","Asteraceae","1"
"Artemisia vulgaris var. indica Hayata, 1904","Asteraceae","1"
"Arthraxon P.Beauv.","Poaceae","1"
"Arundinaria Michx.","Poaceae","1"
"Asclepias curassavica L.","Apocynaceae","1"
"Asparagus setaceus (Kunth) Jessop","Asparagaceae","1"
"Asperugo procumbens L.","Boraginaceae","1"
"Asplenium L.","Aspleniaceae","1"
"Asplenium nidus L.","Aspleniaceae","1"
"Aster L.","Asteraceae","1"
"Aster spathulifolius Maxim.","Asteraceae","1"
"Astilbe Buch.-Ham.","Saxifragaceae","1"
"Astilbe chinensis (Maxim.) Knoll","Saxifragaceae","1"
"Astragalus mongholicus Bunge","Fabaceae","1"
"Athyriopsis petersenii (Kunze) Ching","Athyriaceae","1"
"Athyrium niponicum (Mett) Hance","Athyriaceae","1"
"Azolla pinnata R.Br.","Salviniaceae","1"
"Barbula rigidula (Hedw.) Mitt.","Pottiaceae","1"
"Batrachospermum Roth, 1797","Batrachospermaceae","1"
"Bazzania Gray","Lepidoziaceae","1"
"Berberis bealei Fortune","Berberidaceae","1"
"Berberis thunbergii DC.","Berberidaceae","1"
"Berberis virgetorum C.K.Schneid.","Berberidaceae","1"
"Berberis vulgaris var. alpestris Rikli","Berberidaceae","1"
"Berchemia Neck.","Rhamnaceae","1"
"Bidens bipinnata L.","Asteraceae","1"
"Bidens frondosa L.","Asteraceae","1"
"Bidens parviflora Willd.","Asteraceae","1"
"Bidens pilosa L.","Asteraceae","1"
"Bidens tripartita L.","Asteraceae","1"
"Bischofia polycarpa (H.Lév.) Airy Shaw","Phyllanthaceae","1"
"Blyxa japonica (Miq.) Maxim. ex Asch. & Gürke","Hydrocharitaceae","1"
"Boehmeria fruticosa Gaudich.","Urticaceae","1"
"Boehmeria utilis Dubard","Urticaceae","1"
"Bonnaya antipoda (L.) Druce","Linderniaceae","1"
"Bothriospermum chinense Bunge","Boraginaceae","1"
"Brachybotrys Maxim. ex Oliv.","Boraginaceae","1"
"Brachythecium buchananii (Hook.) A.Jaeger","Brachytheciaceae","1"
"Brassica nigra (L.) W.D.J.Koch","Brassicaceae","1"
"Brassica oleracea L.","Brassicaceae","1"
"Brassica pekinensis (Lour.) Rupr.","Brassicaceae","1"
"Bromus inermis Leyss.","Poaceae","1"
"Bromus magnus Keng","Poaceae","1"
"Bryaceae","Bryaceae","1"
"Bryum capillare Hedw.","Bryaceae","1"
"Buddleja L.","Scrophulariaceae","1"
"Bulbostylis disticha Ohwi & T.Koyama","Cyperaceae","1"
"Bupleurum chinense DC.","Apiaceae","1"
"Bupleurum L.","Apiaceae","1"
"Buxus sempervirens L.","Buxaceae","1"
"Cabomba caroliniana A.Gray","Cabombaceae","1"
"Calamagrostis epigejos (L.) Roth","Poaceae","1"
"Calendula L.","Asteraceae","1"
"Callianthe megapotamica (A.Spreng.) Dorr","Malvaceae","1"
"Callicarpa formosana Rolfe","Lamiaceae","1"
"Callicarpa giraldii Hesse ex Rehder","Lamiaceae","1"
"Callicarpa giraldii var. giraldii","Lamiaceae","1"
"Callitriche palustris L.","Plantaginaceae","1"
"Calystegia pubescens Lindl.","Convolvulaceae","1"
"Calystegia R.Br.","Convolvulaceae","1"
"Calystegia sepium (L.) R.Br.","Convolvulaceae","1"
"Camelina microcarpa Andrz. ex DC.","Brassicaceae","1"
"Camellia L.","Theaceae","1"
"Camellia sinensis (L.) Kuntze","Theaceae","1"
"Campsis radicans (L.) Bureau","Bignoniaceae","1"
"Camptotheca acuminata Decne.","Nyssaceae","1"
"Campylotropis macrocarpa (Bunge) Rehder","Fabaceae","1"
"Canarium album (Lour.) Raeusch.","Burseraceae","1"
"Cardamine impatiens var. angustifolia O.E.Schulz","Brassicaceae","1"
"Cardamine impatiens var. dasycarpa (M.Bieb.) T.Y.Cheo & R.C.Fang","Brassicaceae","1"
"Cardamine occulta Hornem.","Brassicaceae","1"
"Carduus crispus L.","Asteraceae","1"
"Carex amurensis Kük.","Cyperaceae","1"
"Carex biwensis Franch.","Cyperaceae","1"
"Carex bostrychostigma Maxim.","Cyperaceae","1"
"Carex brunnea Murray, 1784","Cyperaceae","1"
"Carex caespitosa Nees","Cyperaceae","1"
"Carex capillacea Boott","Cyperaceae","1"
"Carex dispalata Boott","Cyperaceae","1"
"Carex heterolepis Bunge","Cyperaceae","1"
"Carex hypochlora Freyn","Cyperaceae","1"
"Carex ischnostachya Steud.","Cyperaceae","1"
"Carex lanceolata Boott","Cyperaceae","1"
"Carex minuta Franch.","Cyperaceae","1"
"Carex planiculmis Kom.","Cyperaceae","1"
"Carex pseudohypochlora f. denticulata Y.L.Chang & Y.L.Yang","Cyperaceae","1"
"Carex tenuistachya Nakai","Cyperaceae","1"
"Carex unisexualis C.B.Clarke","Cyperaceae","1"
"Carica papaya L.","Caricaceae","1"
"Carpesium L.","Asteraceae","1"
"Carpinus turczaninowii Hance","Betulaceae","1"
"Carthamus tinctorius L.","Asteraceae","1"
"Catalpa ovata G.Don","Bignoniaceae","1"
"Catharanthus roseus (L.) G.Don","Apocynaceae","1"
"Celastrus orbiculatus Thunb.","Celastraceae","1"
"Celastrus stylosus Wall.","Celastraceae","1"
"Celosia cristata L.","Amaranthaceae","1"
"Celtis biondii Pamp.","Cannabaceae","1"
"Cenchrus americanus (L.) Morrone","Poaceae","1"
"Cenchrus purpurascens Thunb.","Poaceae","1"
"Centipeda minima (L.) A.Br. & Asch.","Asteraceae","1"
"Cephalotaxus fortunei Hook.","Cephalotaxaceae","1"
"Cephalotaxus sinensis (Rehd. & E.H.Wilson) H.L.Li","Cephalotaxaceae","1"
"Cerastium triviale Link","Caryophyllaceae","1"
"Cerastium vulgatum var. glandulosum (Boenn.) Gren.","Caryophyllaceae","1"
"Cerasus pseudocerasus (Lindl.) hort.","Rosaceae","1"
"Ceratodon purpureus (Hedw.) Brid.","Ditrichaceae","1"
"Cheiranthus cheiri L.","Brassicaceae","1"
"Chenopodium giganteum D.Don","Amaranthaceae","1"
"Chimonanthus zhejiangensis M.C.Liu","Calycanthaceae","1"
"Chloranthus serratus (Thunb.) Roem. & Schult.","Chloranthaceae","1"
"Chondracanthus intermedius (Suringar) Hommersand, 1993","Gigartinaceae","1"
"Chondracanthus Kützing, 1843","Gigartinaceae","1"
"Chrysanthemum ×morifolium Ramat. ex Hemsl.","Asteraceae","1"
"Chrysojasminum floridum (Bunge) Banfi","Oleaceae","1"
"Cicuta virosa L.","Apiaceae","1"
"Cinnamomum japonicum Siebold ex Nakai","Lauraceae","1"
"Citrullus lanatus (Thunb.) Matsum. & Nakai","Cucurbitaceae","1"
"Citrus ×aurantium L.","Rutaceae","1"
"Citrus ×junos Siebold ex Yu.Tanaka","Rutaceae","1"
"Citrus maxima (Burm.) Merr.","Rutaceae","1"
"Citrus trifoliata L.","Rutaceae","1"
"Cladium chinense Nees","Cyperaceae","1"
"Clematis courtoisii Hand.-Mazz.","Ranunculaceae","1"
"Clematis heracleifolia DC.","Ranunculaceae","1"
"Clematis ranunculoides Franch.","Ranunculaceae","1"
"Clematis stans Siebold & Zucc.","Ranunculaceae","1"
"Cleome houtteana Schltdl.","Cleomaceae","1"
"Clerodendrum ×speciosum W.Bull","Lamiaceae","1"
"Clerodendrum bungei Steud.","Lamiaceae","1"
"Clerodendrum L.","Lamiaceae","1"
"Cleyera japonica Thunb.","Pentaphylacaceae","1"
"Clinopodium confine (Hance) Kuntze","Lamiaceae","1"
"Clinopodium polycephalum (Vaniot) C.Y.Wu & S.J.Hsuan","Lamiaceae","1"
"Clinopodium urticifolium (Hance) C.Y.Wu & S.J.Hsuan ex H.W.Li","Lamiaceae","1"
"Cocculus DC.","Menispermaceae","1"
"Coix lacryma L.","Poaceae","1"
"Commelina benghalensis L.","Commelinaceae","1"
"Coniogramme intermedia Hieron.","Pteridaceae","1"
"Conocephalum japonicum (Thunb.) Grolle","Conocephalaceae","1"
"Consolida ajacis (L.) Schur","Ranunculaceae","1"
"Convallaria majalis L.","Asparagaceae","1"
"Coreopsis grandiflora var. grandiflora","Asteraceae","1"
"Corispermum puberulum Iljin","Amaranthaceae","1"
"Cornaceae","Cornaceae","1"
"Cornus controversa Hemsl.","Cornaceae","1"
"Cornus officinalis Siebold & Zucc.","Cornaceae","1"
"Cornus wilsoniana Wangerin","Cornaceae","1"
"Corydalis bulbosa Turcz. ex Steud.","Papaveraceae","1"
"Corydalis heterocarpa Siebold & Zucc.","Papaveraceae","1"
"Corydalis sheareri S.Moore","Papaveraceae","1"
"Crataegus hupehensis Sarg.","Rosaceae","1"
"Crepidiastrum lanceolatum (Houtt.) Nakai","Asteraceae","1"
"Cupressaceae","Cupressaceae","1"
"Cuscuta australis R.Br.","Convolvulaceae","1"
"Cuscuta japonica Choisy","Convolvulaceae","1"
"Cyclobalanopsis gilva (Blume) Oerst.","Fagaceae","1"
"Cymbopogon Spreng.","Poaceae","1"
"Cynanchum chinense R.Br.","Apocynaceae","1"
"Cynanchum L.","Apocynaceae","1"
"Cynanchum stauntonii (Decne.) Hand.-Mazz.","Apocynaceae","1"
"Cyperus cyperoides (L.) Kuntze","Cyperaceae","1"
"Cyperus haspan L.","Cyperaceae","1"
"Cyperus microiria Steud.","Cyperaceae","1"
"Cyperus orthostachyus Franch. & Sav.","Cyperaceae","1"
"Cyperus rotundus L.","Cyperaceae","1"
"Cyperus tenuispica Steud.","Cyperaceae","1"
"Cyrtomidictyum lepidocaulon (Hook.) Ching","Dryopteridaceae","1"
"Cyrtomium C.Presl","Dryopteridaceae","1"
"Dactyloctenium aegyptium (L.) Willd.","Poaceae","1"
"Dahlia ×pinnata Cav.","Asteraceae","1"
"Daphne genkwa Siebold & Zucc.","Thymelaeaceae","1"
"Daphne odora var. atrocaulis Rehder","Thymelaeaceae","1"
"Daphne Tourn. ex L.","Thymelaeaceae","1"
"Debregeasia Gaudich.","Urticaceae","1"
"Dendranthema ×morifolium (Ramat.) Tzvelev","Asteraceae","1"
"Descurainia sophia (L.) Webb ex Prantl","Brassicaceae","1"
"Deutzia scabra var. candidissima (Froebel) Rehder","Hydrangeaceae","1"
"Dianella ensifolia (L.) Redouté","Asphodelaceae","1"
"Dianthus L.","Caryophyllaceae","1"
"Dichrocephala auriculata (Thunb.) Druce","Asteraceae","1"
"Dichromanthus Garay","Orchidaceae","1"
"Dicranella rubra Lindb.","Dicranellaceae","1"
"Dictamnus albus L.","Rutaceae","1"
"Digitaria ciliaris (Retz.) Koeler","Poaceae","1"
"Digitaria Haller","Poaceae","1"
"Dioscorea japonica Thunb.","Dioscoreaceae","1"
"Dioscorea nipponica Makino","Dioscoreaceae","1"
"Dioscorea Plum. ex L.","Dioscoreaceae","1"
"Dioscorea polystachya Turcz.","Dioscoreaceae","1"
"Diospyros cathayensis Steward","Ebenaceae","1"
"Dontostemon dentatus (Bunge) Ledeb.","Brassicaceae","1"
"Dracocephalum moldavica L.","Lamiaceae","1"
"Drynaria fortunei (Kunze ex Mett.) J.Sm.","Polypodiaceae","1"
"Dryopteris Adans.","Dryopteridaceae","1"
"Dryopteris championii (Benth.) C.Chr.","Dryopteridaceae","1"
"Dryopteris championii (Benth.) C.Chr. ex Ching","Dryopteridaceae","1"
"Dryopteris kinkiensis Koidz. ex Tagawa","Dryopteridaceae","1"
"Dryopteris varia (L.) Kuntze","Dryopteridaceae","1"
"Ehretia macrophylla Wall.","Ehretiaceae","1"
"Ehretia thyrsiflora (Siebold & Zucc.) Nakai","Ehretiaceae","1"
"Eichhornia crassipes (Mart.) Solms","Pontederiaceae","1"
"Elaeocarpus decipiens F.B.Forbes & Hemsl.","Elaeocarpaceae","1"
"Elatostema J.R.Forst. & G.Forst.","Urticaceae","1"
"Eleocharis intersita Zinserl. ex Kom., 1935","Cyperaceae","1"
"Eleutherococcus Maxim.","Araliaceae","1"
"Elymus tsukushiensis Honda","Poaceae","1"
"Embelia Burm.f.","Primulaceae","1"
"Epipactis mairei Schltr.","Orchidaceae","1"
"Equisetum arvense L.","Equisetaceae","1"
"Equisetum ramosissimum subsp. ramosissimum","Equisetaceae","1"
"Eragrostis bulbillifera Steud.","Poaceae","1"
"Eragrostis cilianensis (All.) Vignolo ex Janch.","Poaceae","1"
"Eragrostis japonica (Thunb.) Trin.","Poaceae","1"
"Eragrostis megastachya (Koeler) Link","Poaceae","1"
"Eragrostis niwahokori Honda","Poaceae","1"
"Eragrostis pilosa (L.) P.Beauv.","Poaceae","1"
"Eragrostis poaeoides P.Beauv. ex Roem. & Schult.","Poaceae","1"
"Eremochloa ophiuroides (Munro) Hack.","Poaceae","1"
"Eriocaulon L.","Eriocaulaceae","1"
"Eriophorum vaginatum L.","Cyperaceae","1"
"Erpodium sinense Venturi","Erpodiaceae","1"
"Eruca vesicaria (L.) Cav.","Brassicaceae","1"
"Erysimum Tourn. ex L.","Brassicaceae","1"
"Erythranthe Spach","Phrymaceae","1"
"Eucalyptus camaldulensis Denham","Myrtaceae","1"
"Euclidium syriacum (L.) W.T.Aiton","Brassicaceae","1"
"Eugenia microphylla Barb.Rodr. ex Chodat & Hassler","Myrtaceae","1"
"Euonymus bungeanus Maxim.","Celastraceae","1"
"Euonymus carnosus Hemsl.","Celastraceae","1"
"Eupatorium japonicum Thunb.","Asteraceae","1"
"Euphorbia cyathophora Murray","Euphorbiaceae","1"
"Euphorbia heterophylla L.","Euphorbiaceae","1"
"Euphorbia hyssopifolia L.","Euphorbiaceae","1"
"Euphorbia kansui S.L.Liou ex S.B.Ho","Euphorbiaceae","1"
"Euphorbia marginata Pursh","Euphorbiaceae","1"
"Euphorbia serpens Kunth","Euphorbiaceae","1"
"Euphoria longan (Lour.) Steud.","Sapindaceae","1"
"Eurhynchium latifolium Cardot","Brachytheciaceae","1"
"Eurya groffii Merr.","Pentaphylacaceae","1"
"Fagopyrum Mill.","Polygonaceae","1"
"Fallopia japonica (Houtt.) Ronse Decr.","Polygonaceae","1"
"Festuca arundinacea Vill.","Poaceae","1"
"Ficus auriculata Lour.","Moraceae","1"
"Ficus heteromorpha Hemsl.","Moraceae","1"
"Fimbristylis diphylla (Retz.) Vahl","Cyperaceae","1"
"Fimbristylis ferruginea (L.) Vahl","Cyperaceae","1"
"Firmiana Marsili","Malvaceae","1"
"Fissidens zollingeri Mont.","Fissidentaceae","1"
"Flueggea Willd.","Phyllanthaceae","1"
"Forsythia suspensa (Thunb.) Vahl","Oleaceae","1"
"Fragaria chinensis Losinsk.","Rosaceae","1"
"Fragaria orientalis Losinsk.","Rosaceae","1"
"Fraxinus retusa var. integra Lingelsh.","Oleaceae","1"
"Fraxinus Tourn. ex L.","Oleaceae","1"
"Fritillaria thunbergii Miq.","Liliaceae","1"
"Funaria Hedw.","Funariaceae","1"
"Gaillardia pulchella Foug.","Asteraceae","1"
"Galinsoga quadriradiata Ruiz & Pav.","Asteraceae","1"
"Galium acutum Edgew.","Rubiaceae","1"
"Galium aparine L.","Rubiaceae","1"
"Galium trachyspermum var. hispidum (Matsuda) Kitag.","Rubiaceae","1"
"Galium verum L.","Rubiaceae","1"
"Gardenia jasminoides var. fortuneana (Lindl.) H.Hara","Rubiaceae","1"
"Gardenia jasminoides var. grandiflora (Lour.) Nakai","Rubiaceae","1"
"Gardenia stenophylla Merr.","Rubiaceae","1"
"Garryales",NULL,"1"
"Gaura biennis L.","Onagraceae","1"
"Gelidium crinale (Hare ex Turner) Gaillon","Gelidiaceae","1"
"Gelidium pusillum (Stackhouse) Le Jolis","Gelidiaceae","1"
"Geranium Tourn. ex L.","Geraniaceae","1"
"Geum japonicum Thunb.","Rosaceae","1"
"Gladiolus ×gandavensis Van Houtte","Iridaceae","1"
"Gladiolus lineatus Salisb.","Iridaceae","1"
"Glechoma hederacea L.","Lamiaceae","1"
"Gleditsia L.","Fabaceae","1"
"Glochidion puberum (L.) Hutch.","Phyllanthaceae","1"
"Glycine Willd.","Fabaceae","1"
"Gnaphalium hypoleucum var. brunneonitens Hand.-Mazz.","Asteraceae","1"
"Gnaphalium luteoalbum L.","Asteraceae","1"
"Goodenia helmsii (E.Pritz.) Carolin","Goodeniaceae","1"
"Gossypium hirsutum L.","Malvaceae","1"
"Grateloupia divaricata","Halymeniaceae","1"
"Grateloupia prolongata J.Agardh, 1847","Callithamniaceae","1"
"Grewia biloba G.Don","Malvaceae","1"
"Grewia biloba var. parviflora (Bunge) Hand.-Mazz.","Malvaceae","1"
"Gymnogongrus flabelliformis Harvey, 1857","Phyllophoraceae","1"
"Gynandropsis gynandra (L.) Briq.","Cleomaceae","1"
"Gypsophila vaccaria (L.) Sm.","Caryophyllaceae","1"
"Haplohymenium triste (Ces.) Kindb.","Anomodontaceae","1"
"Hedera L.","Araliaceae","1"
"Hedera sinensis (Tobler) Hand.-Mazz.","Araliaceae","1"
"Hedwigia albicans Lindb.","Hedwigiaceae","1"
"Heimia Link & Otto","Lythraceae","1"
"Helianthus tuberosus L.","Asteraceae","1"
"Heliopsis helianthoides (L.) Sweet","Asteraceae","1"
"Heliotropium ellipticum Ledeb.","Heliotropiaceae","1"
"Hemerocallis citrina Baroni","Asphodelaceae","1"
"Hemerocallis fulva (L.) L.","Asphodelaceae","1"
"Hemerocallis lilioasphodelus L.","Asphodelaceae","1"
"Hemerocallis middendorffii Trautv. & C.A.Mey.","Asphodelaceae","1"
"Heteropappus hispidus (Thunb.) Less.","Asteraceae","1"
"Heuchera micrantha Douglas","Saxifragaceae","1"
"Hibiscus tiliaceus L.","Malvaceae","1"
"Hibiscus trionum L.","Malvaceae","1"
"Hipericum Neck.","Clusiaceae","1"
"Homalocladium platycladum (F.Muell.) L.H.Bailey","Polygonaceae","1"
"Hordeum vulgare var. erectum J.L.Rode","Poaceae","1"
"Hordeum vulgare var. nudipyramidatum Korn.","Poaceae","1"
"Humulus japonicus Siebold & Zucc.","Cannabaceae","1"
"Humulus L.","Cannabaceae","1"
"Hydrangea bretschneideri Dippel","Hydrangeaceae","1"
"Hydrilla verticillata (L.f.) Royle","Hydrocharitaceae","1"
"Hygrophila salicifolia (Vahl) Nees","Acanthaceae","1"
"Hylotelephium verticillatum (L.) H.Ohba","Crassulaceae","1"
"Hypericum erectum Thunb.","Hypericaceae","1"
"Hypericum L.","Hypericaceae","1"
"Hypericum patulum Thunb.","Hypericaceae","1"
"Hypnea cenomyce J.Agardh","Cystocloniaceae","1"
"Hypnum plumaeforme Wilson","Hypnaceae","1"
"Hypodematium hirsutum (D.Don) Ching","Hypodematiaceae","1"
"Ilex henryi Loes.","Aquifoliaceae","1"
"Ilex intermedia Loes. ex Diels","Aquifoliaceae","1"
"Ilex latifolia Thunb.","Aquifoliaceae","1"
"Ilex rotunda Thunb.","Aquifoliaceae","1"
"Impatiens L.","Balsaminaceae","1"
"Imperata cylindrica var. major (Nees) C.E.Hubb.","Poaceae","1"
"Incarvillea arguta (Royle) Royle","Bignoniaceae","1"
"Indigofera L.","Fabaceae","1"
"Indigofera nigrescens Kurz ex King & Prain","Fabaceae","1"
"Inula L.","Asteraceae","1"
"Inula linearifolia Turcz.","Asteraceae","1"
"Ipomoea cairica (L.) Sweet","Convolvulaceae","1"
"Ipomoea hederacea Jacq.","Convolvulaceae","1"
"Ipomoea purpurea (L.) Roth","Convolvulaceae","1"
"Ipomoea quamoclit L.","Convolvulaceae","1"
"Iris ×norrisii (L.W.Lenz) C.Whitehouse","Iridaceae","1"
"Iris anguifuga Y.T.Zhao & X.J.Xue","Iridaceae","1"
"Iris confusa Sealy","Iridaceae","1"
"Iris henryi Baker","Iridaceae","1"
"Iris proantha Diels","Iridaceae","1"
"Iris Tourn. ex L.","Iridaceae","1"
"Iris wattii Baker ex Hook.f.","Iridaceae","1"
"Isachne globosa var. compacta W.Z.Fang ex S.L.Chen","Poaceae","1"
"Ischaemum anthephoroides (Steud.) Miq.","Poaceae","1"
"Ixeris chinensis (Thunb.) Kitag.","Asteraceae","1"
"Ixeris debilis (Thunb.) A.Gray","Asteraceae","1"
"Jacobaea maritima (L.) Pelser & Meijden","Asteraceae","1"
"Jasminum L.","Oleaceae","1"
"Jasminum nudiflorum Lindl.","Oleaceae","1"
"Juglandaceae","Juglandaceae","1"
"Juglans regia L.","Juglandaceae","1"
"Juncus lampocarpus Baumg., 1817","Juncaceae","1"
"Juniperus chinensis L.","Cupressaceae","1"
"Juniperus rigida Siebold & Zucc.","Cupressaceae","1"
"Juratzkaea sinensis M.Fleisch. ex Broth.","Brachytheciaceae","1"
"Justicia brandegeeana Wassh. & L.B.Sm.","Acanthaceae","1"
"Kalimeris indica (L.) Sch.Bip.","Asteraceae","1"
"Kalimeris indica var. polymorpha (Vaniot) Kitam.","Asteraceae","1"
"Kalimeris integrifolia Turcz. ex DC.","Asteraceae","1"
"Kalimeris lautureana (Debeaux) Kitam.","Asteraceae","1"
"Kalimeris shimadai (Kitam.) Kitam.","Asteraceae","1"
"Kalopanax Miq.","Araliaceae","1"
"Kerria japonica (L.) DC.","Rosaceae","1"
"Kerria japonica var. pleniflora Witte","Rosaceae","1"
"Keteleeria fortunei (A.Murray bis) Carrière","Pinaceae","1"
"Kochia prostrata (L.) Schrad.","Amaranthaceae","1"
"Kummerowia stipulacea (Maxim.) Makino","Fabaceae","1"
"Lactuca sativa L.","Asteraceae","1"
"Lagedium sibiricum (L.) Soják","Asteraceae","1"
"Lagenaria siceraria (Molina) Standl.","Cucurbitaceae","1"
"Laggera Sch.Bip. ex Benth. & Hook.f.","Asteraceae","1"
"Lagopsis supina (Stephan ex Willd.) Ikonn.-Gal.","Lamiaceae","1"
"Lamiaceae","Lamiaceae","1"
"Lamium album var. barbatum (Siebold & Zucc.) Franch. & Sav.","Lamiaceae","1"
"Lampranthus spectabilis (Haw.) N.E.Br.","Aizoaceae","1"
"Lamprocapnos spectabilis (L.) Fukuhara","Papaveraceae","1"
"Lapsana apogonoides Maxim.","Asteraceae","1"
"Larix sibirica Ledeb.","Pinaceae","1"
"Lathyrus odoratus L.","Fabaceae","1"
"Lathyrus pratensis L.","Fabaceae","1"
"Lemna polyrhiza L.","Araceae","1"
"Leonurus pseudomacranthus Kitag.","Lamiaceae","1"
"Leonurus sibiricus L.","Lamiaceae","1"
"Lepidium ruderale L.","Brassicaceae","1"
"Leptospermum scoparium Forst.","Myrtaceae","1"
"Leskeella nervosa (Brid.) Loeske","Pseudoleskeellaceae","1"
"Lespedeza daurica (Laxm.) Schindl.","Fabaceae","1"
"Lespedeza juncea subsp. sericea (Miq.) Steenis","Fabaceae","1"
"Lespedeza macrocarpa Bunge","Fabaceae","1"
"Lespedeza Michx.","Fabaceae","1"
"Lespedeza virgata (Thunb.) DC.","Fabaceae","1"
"Leucaena leucocephala (Lam.) de Wit","Fabaceae","1"
"Leucanthemum vulgare Lam.","Asteraceae","1"
"Leycesteria formosa var. stenosepala Rehder","Caprifoliaceae","1"
"Leymus secalinus (Georgi) Tzvelev","Poaceae","1"
"Ligustrum ibota var. microphyllum Nakai","Oleaceae","1"
"Ligustrum sinense var. stauntonii (DC.) Rehder","Oleaceae","1"
"Limnophila sessiliflora (Vahl) Blume","Plantaginaceae","1"
"Linaria bipartita (Vent.) Willd.","Plantaginaceae","1"
"Lindera aggregata (Sims) Kosterm.","Lauraceae","1"
"Lindernia angustifolia (Benth.) Wettst.","Linderniaceae","1"
"Lindernia brevipedunculata Migo","Linderniaceae","1"
"Lindernia setulosa (Maxim.) Tuyama ex H.Hara","Linderniaceae","1"
"Lindernia viscosa (Hornem.) Bold.","Linderniaceae","1"
"Lipocarpha chinensis (Osbeck) J.Kern","Cyperaceae","1"
"Liquidambar L.","Altingiaceae","1"
"Liriodendron ×sinoamericanum P.C.Yieh ex C.B.Shang & Zhang R.Wang","Magnoliaceae","1"
"Liriodendron L.","Magnoliaceae","1"
"Litchi chinensis Sonn.","Sapindaceae","1"
"Lithophyllum grumosum (Foslie) Foslie","Lithophyllaceae","1"
"Lithophyllum Philippi, 1837","Lithophyllaceae","1"
"Lithospermum erythrorhizon Siebold & Zucc.","Boraginaceae","1"
"Litsea coreana var. sinensis (C.K.Allen) Yen C.Yang & P.H.Huang","Lauraceae","1"
"Litsea cubeba (Lour.) Pers.","Lauraceae","1"
"Lonicera acuminata Wall.","Caprifoliaceae","1"
"Lonicera chrysantha subsp. koehneana (Rehder) P.S.Hsu & H.J.Wang","Caprifoliaceae","1"
"Lonicera fragrantissima Lindl. & Paxton","Caprifoliaceae","1"
"Lonicera ligustrina Wall.","Caprifoliaceae","1"
"Ludwigia hyssopifolia (G.Don) Exell","Onagraceae","1"
"Luffa aegyptiaca Mill.","Cucurbitaceae","1"
"Luzula pallescens Sw.","Juncaceae","1"
"Lychnis coronata Thunb.","Caryophyllaceae","1"
"Lychnis fulgens Fisch. ex Spreng.","Caryophyllaceae","1"
"Lycium L.","Solanaceae","1"
"Lycopus lucidus var. hirtus (Regel) Makino & Nemoto","Lamiaceae","1"
"Lycoris aurea (L'Hér.) Herb.","Amaryllidaceae","1"
"Lycoris insularis S.Y.Zhang & J.W.Shao, 2022","Amaryllidaceae","1"
"Lycoris longituba Y.C.Hsu & G.J.Fan","Amaryllidaceae","1"
"Lycoris sprengeri Comes ex Baker","Amaryllidaceae","1"
"Lysimachia barystachys Bunge","Primulaceae","1"
"Lysimachia capillipes Hemsl.","Primulaceae","1"
"Lysimachia clethroides Duby","Primulaceae","1"
"Lysimachia congestiflora Hemsl.","Primulaceae","1"
"Lysimachia stolonifera H.Migo","Primulaceae","1"
"Machilus pingii W.C.Cheng ex Y.C.Yang","Lauraceae","1"
"Maclura cochinchinensis (Lour.) Corner","Moraceae","1"
"Macrocarpium chinense (Wangerin) Hutch.","Cornaceae","1"
"Macrocarpium officinale (Siebold & Zucc.) Nakai","Cornaceae","1"
"Magnolia kobus DC.","Magnoliaceae","1"
"Magnolia Plum. ex L.","Magnoliaceae","1"
"Mahonia fortunei (Lindl.) Fedde","Berberidaceae","1"
"Malachium aquaticum (L.) Fr.","Caryophyllaceae","1"
"Mallotus philippensis (Lam.) Müll.Arg.","Euphorbiaceae","1"
"Malus baccata var. mandshurica (Maxim.) C.K.Schneid.","Rosaceae","1"
"Malus hupehensis (Pamp.) Rehder","Rosaceae","1"
"Malvastrum coromandelianum (L.) Garcke","Malvaceae","1"
"Marchantia polymorpha subsp. ruderalis Bischl. & Boissel.-Dub.","Marchantiaceae","1"
"Masus G.Don","Scrophulariaceae","1"
"Matricaria recutita L.","Asteraceae","1"
"Mazus caducifer Hance","Mazaceae","1"
"Mazus japonicus (Thunb.) Kuntze","Mazaceae","1"
"Medicago minima (L.) Bartal.","Fabaceae","1"
"Melandrium firmum (Siebold & Zucc.) Rohrb.","Caryophyllaceae","1"
"Melandrium firmum f. pubescens (Makino) Makino","Caryophyllaceae","1"
"Melastoma normale D.Don","Melastomataceae","1"
"Meliosma flexuosa Pamp.","Sabiaceae","1"
"Melothria L.","Cucurbitaceae","1"
"Menispermum dauricum DC.","Menispermaceae","1"
"Mentha spicata L.","Lamiaceae","1"
"Messerschmidia sibirica (L.) L.","Heliotropiaceae","1"
"Meteorium buchananii (Brid.) Broth.","Meteoriaceae","1"
"Microsorum fortuni (T.Moore) Ching","Polypodiaceae","1"
"Microsorum Link","Polypodiaceae","1"
"Microstegium Nees","Poaceae","1"
"Millettia Wight & Arn.","Fabaceae","1"
"Miscanthus Andersson","Poaceae","1"
"Mollugo pentaphylla L.","Molluginaceae","1"
"Monarda citriodora Cerv. ex Lag.","Lamiaceae","1"
"Monstera deliciosa Liebm.","Araceae","1"
"Morella rubra Lour.","Myricaceae","1"
"Morinda umbellata Lour., 1790","Rubiaceae","1"
"Mosla chinensis Maxim.","Lamiaceae","1"
"Mosla hangchowensis var. cheteana (Y.Z.Sun) C.Y.Wu & H.W.Li","Lamiaceae","1"
"Mucuna sempervirens Hemsl.","Fabaceae","1"
"Muehlenbeckia platyclada (F.Muell.) Meisn.","Polygonaceae","1"
"Murraya koenigii (L.) Spreng.","Rutaceae","1"
"Musella lasiocarpa (Franch.) C.Y.Wu ex H.W.Li","Musaceae","1"
"Mussaenda Burm. ex L.","Rubiaceae","1"
"Myricaria Desv.","Tamaricaceae","1"
"Myriophyllum verticillatum L.","Haloragaceae","1"
"Myrsine semiserrata Wall.","Primulaceae","1"
"Nageia nagi (Thunb.) Kuntze","Podocarpaceae","1"
"Nanocnide japonica Blume","Urticaceae","1"
"Nasturtium officinale R.Br.","Brassicaceae","1"
"Neanotis W.H.Lewis","Rubiaceae","1"
"Nephrolepis cordifolia (L.) C.Presl","Nephrolepidaceae","1"
"Nerium indicum Mill.","Apocynaceae","1"
"Nicandra physalodes (L.) Gaertn.","Solanaceae","1"
"Nicotiana tabacum L.","Solanaceae","1"
"Nymphaea L.","Nymphaeaceae","1"
"Nymphaea mexicana Zucc.","Nymphaeaceae","1"
"Nymphaea odorata Sol. ex Aiton","Nymphaeaceae","1"
"Nymphoides peltata (S.G.Gmel.) Kuntze","Menyanthaceae","1"
"Nymphoides peltatum (S.G.Gmel.) Britten & Rendle","Menyanthaceae","1"
"Oenothera curtiflora W.L.Wagner & Hoch","Onagraceae","1"
"Oenothera rosea Aiton","Onagraceae","1"
"Oldenlandia corymbosa L.","Rubiaceae","1"
"Onychium japonicum (Thunb.) Kunze","Pteridaceae","1"
"Ophiopogon japonicus (Thunb.) Ker Gawl.","Asparagaceae","1"
"Ophiorrhiza rufipilis H.S.Lo","Rubiaceae","1"
"Oplismenus undulatifolius (Ard.) P.Beauv.","Poaceae","1"
"Opuntia monacantha Haw.","Cactaceae","1"
"Oreocnide frutescens (Thunb.) Miq.","Urticaceae","1"
"Oreocnide fruticosa (Gaudich.) Hand.-Mazz.","Urticaceae","1"
"Ormosia henryi Prain","Fabaceae","1"
"Orostachys erubescens (Maxim.) Ohwi","Crassulaceae","1"
"Orostachys fimbriata (Turcz.) A.Berger","Crassulaceae","1"
"Orthotrichum consobrinum Cardot","Orthotrichaceae","1"
"Orychophragmus violaceus var. hupehensis (Pamp.) O.E.Schulz","Brassicaceae","1"
"Osbeckia stellata Buch.-Ham. ex D.Don","Melastomataceae","1"
"Osmanthus fordii Hemsl.","Oleaceae","1"
"Oxalis L.","Oxalidaceae","1"
"Oxalis martiana Zucc.","Oxalidaceae","1"
"Oxalis purpurea L.","Oxalidaceae","1"
"Oxalis rubra A.St.-Hil.","Oxalidaceae","1"
"Panicum repens L.","Poaceae","1"
"Paranephelium Miq.","Sapindaceae","1"
"Parnassia leptophylla Hand.-Mazz.","Parnassiaceae","1"
"Parnassia noemiae Franch.","Parnassiaceae","1"
"Parthenocissus quinquefolia (L.) Planch.","Vitaceae","1"
"Parthenocissus tricuspidata (Siebold & Zucc.) Planch.","Vitaceae","1"
"Paspalum L.","Poaceae","1"
"Paspalum thunbergii Kunth","Poaceae","1"
"Passiflora vesicaria L.","Passifloraceae","1"
"Patrinia scabiosifolia Fisch. ex Trevir.","Caprifoliaceae","1"
"Paulownia tomentosa (Thunb.) Steud.","Paulowniaceae","1"
"Pedicularis resupinata L.","Orobanchaceae","1"
"Pennisetum Rich.","Poaceae","1"
"Penthorum chinense Pursh","Penthoraceae","1"
"Peperomia pellucida (L.) Kunth","Piperaceae","1"
"Perilla frutescens var. crispa (Thunb.) H.Deane","Lamiaceae","1"
"Periploca sepium Bunge","Apocynaceae","1"
"Peristrophe bivalvis (L.) Merr.","Acanthaceae","1"
"Peristrophe Nees","Acanthaceae","1"
"Persicaria japonica (Meisn.) Nakai","Polygonaceae","1"
"Persicaria lapathifolia (L.) Gray","Polygonaceae","1"
"Petasites japonicus (Siebold & Zucc.) Maxim.","Asteraceae","1"
"Phacelurus latifolius (Steud.) Ohwi","Poaceae","1"
"Phalaris arundinacea L.","Poaceae","1"
"Pharbitis hederacea (Jacq.) Choisy","Convolvulaceae","1"
"Phellodendron amurense Rupr.","Rutaceae","1"
"Philadelphus sericanthus Koehne","Hydrangeaceae","1"
"Philadelphus subcanus Koehne","Hydrangeaceae","1"
"Philonotis socia Mitt.","Bartramiaceae","1"
"Phlox drummondii Hook.","Polemoniaceae","1"
"Phoebe nanmu (Oliv.) Gamble","Lauraceae","1"
"Photinia ×fraseri Dress","Rosaceae","1"
"Photinia serrulata var. daphniphylloides (Hayata) K.C.Kuan","Rosaceae","1"
"Phragmites Adans.","Poaceae","1"
"Phyllanthus urinaria L.","Phyllanthaceae","1"
"Phyllostachys bambusoides Siebold & Zucc.","Poaceae","1"
"Phyllostachys nidularia Munro","Poaceae","1"
"Phyllostachys Siebold & Zucc.","Poaceae","1"
"Physalis alkekengi Lour.","Solanaceae","1"
"Physalis angulata var. villosa Bonati","Solanaceae","1"
"Physcomitrium (Brid.) Brid.","Funariaceae","1"
"Phytolacca L.","Phytolaccaceae","1"
"Picea asperata Mast.","Pinaceae","1"
"Pilea Lindl.","Urticaceae","1"
"Pilea nummulariifolia (Sw.) Wedd.","Urticaceae","1"
"Pimpinella L.","Apiaceae","1"
"Pinus armandii Franch.","Pinaceae","1"
"Pistia stratiotes L.","Araceae","1"
"Pittosporum trigonocarpum H.Lév.","Pittosporaceae","1"
"Pittosporum xylocarpum Hu & F.T.Wang","Pittosporaceae","1"
"Plagiochila shangaica Steph.","Plagiochilaceae","1"
"Plantago depressa Willd.","Plantaginaceae","1"
"Plantago indica L.","Plantaginaceae","1"
"Pleioblastus Nakai","Poaceae","1"
"Poa acmocalyx Keng f. & L.Liu","Poaceae","1"
"Poa L.","Poaceae","1"
"Poa sibirica Roshev.","Poaceae","1"
"Poa sphondylodes Trin.","Poaceae","1"
"Podocarpium podocarpum (Braun, 1845)","Fabaceae","1"
"Pogonia japonica Rchb.f.","Orchidaceae","1"
"Pohlia acuminata Hornsch.","Mniaceae","1"
"Polemonium liniflorum V.N.Vassil.","Polemoniaceae","1"
"Polygala japonica Houtt.","Polygalaceae","1"
"Polygonatum humile Fisch. ex Maxim.","Asparagaceae","1"
"Polygonatum odoratum (Mill.) Druce","Asparagaceae","1"
"Polygonum criopolitanum Hance","Polygonaceae","1"
"Polygonum dentatoalatum F.Schmidt","Polygonaceae","1"
"Polygonum divaricatum Less.","Polygonaceae","1"
"Polygonum hastatosagittatum Makino","Polygonaceae","1"
"Polygonum hydropiper var. hispidum (Hook.fil.) Steward","Polygonaceae","1"
"Polygonum nodosum Pers.","Polygonaceae","1"
"Polygonum polymorphum Ledeb.","Polygonaceae","1"
"Polygonum polymorphum var. japonicum Maxim.","Polygonaceae","1"
"Polygonum praetermissum Hook.fil.","Polygonaceae","1"
"Polypodium L.","Polypodiaceae","1"
"Polypodium pubescens Gillies","Polypodiaceae","1"
"Polypogon Desf.","Poaceae","1"
"Polypogon higegaweri Steud.","Poaceae","1"
"Polystichum Roth","Dryopteridaceae","1"
"Potentilla centigrana Maxim.","Rosaceae","1"
"Potentilla fragarioides L.","Rosaceae","1"
"Potentilla freyniana Bornm.","Rosaceae","1"
"Potentilla kleiniana Wight & Arn.","Rosaceae","1"
"Premna microphylla Turcz.","Lamiaceae","1"
"Primula malacoides Franch.","Primulaceae","1"
"Primula patens (Turcz.) Turcz. ex E.A.Busch","Primulaceae","1"
"Prunella asiatica Nakai","Lamiaceae","1"
"Prunus persica var. persica","Rosaceae","1"
"Prunus salicina Lindl.","Rosaceae","1"
"Psoralea corylifolia L.","Fabaceae","1"
"Pteris aquilina f. caudata (L.) Christ","Dennstaedtiaceae","1"
"Pteris cretica L.","Pteridaceae","1"
"Pteroceltis tatarinowii Maxim.","Cannabaceae","1"
"Puccinellia parlatorei (Bég.) Cif. & Giacom.","Poaceae","1"
"Puccinellia tenuiflora (Griseb.) Scribn. & Merr.","Poaceae","1"
"Pueraria lobata (Willd.) Ohwi","Fabaceae","1"
"Pueraria montana (Lour.) Merr.","Fabaceae","1"
"Pycreus globosus Rchb.","Cyperaceae","1"
"Pyracantha angustifolia (Franch.) C.K.Schneid.","Rosaceae","1"
"Pyracantha fortuneana (Maxim.) H.L.Li","Rosaceae","1"
"Pyracantha Roem.","Rosaceae","1"
"Pyrethrum cinerariifolium Trevis.","Asteraceae","1"
"Pyrus betulifolia Bunge","Rosaceae","1"
"Pyrus calleryana Decne.","Rosaceae","1"
"Pyrus communis L.","Rosaceae","1"
"Quamoclit pennata Bojer","Convolvulaceae","1"
"Quercus glauca Thunb.","Fagaceae","1"
"Quercus liaotungensis Koidz.","Fagaceae","1"
"Quercus serrata Murray","Fagaceae","1"
"Quercus stenophylla (Blume) Makino","Fagaceae","1"
"Ranunculus extorris Hance","Ranunculaceae","1"
"Ranunculus ternatus var. dissectissimus (Migo) Hand.-Mazz.","Ranunculaceae","1"
"Ranunculus zuccarinii Miq.","Ranunculaceae","1"
"Reynoutria multiflora (Thunb.) Moldenke","Polygonaceae","1"
"Rhamnella martini (H.Lév.) C.K.Schneid.","Rhamnaceae","1"
"Rhapis multifida Burret","Arecaceae","1"
"Rhynchosia craibiana Rehder","Fabaceae","1"
"Ribes fasciculatum Siebold & Zucc.","Grossulariaceae","1"
"Rivina humilis L.","Phytolaccaceae","1"
"Robinia hartwigii Ashe.","Fabaceae","1"
"Roegneria ciliaris (Trin.) Nevski","Poaceae","1"
"Roegneria pendulina Nevski","Poaceae","1"
"Rorippa dubia (Pers.) H.Hara","Brassicaceae","1"
"Rorippa montana (Wall. ex Hook.f. & T.Anderson) Small","Brassicaceae","1"
"Rorippa palustris (L.) Besser","Brassicaceae","1"
"Rosa banksiae R.Br. ex Aiton","Rosaceae","1"
"Rosa bracteata J.C.Wendl.","Rosaceae","1"
"Rosa chinensis Jacq.","Rosaceae","1"
"Rosa laevigata Michx.","Rosaceae","1"
"Rosa rugosa Thunb.","Rosaceae","1"
"Rosa wichuraiana Crép.","Rosaceae","1"
"Rotala rotundifolia (Buch.-Ham. ex Roxb.) Koehne","Lythraceae","1"
"Rubus amabilis Focke","Rosaceae","1"
"Rubus parvifolius var. adenochlamys (Focke) Migo","Rosaceae","1"
"Rubus pinfaensis H.Lév. & Vaniot","Rosaceae","1"
"Rumex obtusifolius L.","Polygonaceae","1"
"Ruppia maritima L.","Ruppiaceae","1"
"Sageretia gracilis J.R.Drumm. & Sprague","Rhamnaceae","1"
"Sageretia thea (Osbeck) M.C.Johnst.","Rhamnaceae","1"
"Sagittaria sagittifolia L.","Alismataceae","1"
"Sagittaria sagittifolia var. hastata (Pursh) Torr.","Alismataceae","1"
"Salix chaenomeloides var. glandulifolia (Z.Wang & C.Y.Yu) C.F.Fang","Salicaceae","1"
"Salix purpurea f. gracilis (Gren. & Godr.) C.K.Schneid.","Salicaceae","1"
"Salix rosthornii Seemen","Salicaceae","1"
"Salix siuzevii Seemen","Salicaceae","1"
"Salix yanbianica C.F.Fang & Chang Y.Yang","Salicaceae","1"
"Salvia microphylla Kunth","Lamiaceae","1"
"Sambucus junnanica J.J.Vassil.","Viburnaceae","1"
"Sambucus nigra L.","Viburnaceae","1"
"Sapium Jacq.","Euphorbiaceae","1"
"Saussurea cordifolia Hemsl.","Asteraceae","1"
"Saussurea DC.","Asteraceae","1"
"Saxifraga rufescens var. rufescens","Saxifragaceae","1"
"Saxifraga stolonifera var. immaculata (Diels) Hand.-Mazz.","Saxifragaceae","1"
"Scaevola taccada (Gaertn.) Roxb.","Goodeniaceae","1"
"Schisandra sphenanthera Rehder & E.H.Wilson","Schisandraceae","1"
"Schizopepon bryoniifolius Maxim.","Cucurbitaceae","1"
"Schizophragma integrifolium Oliv.","Hydrangeaceae","1"
"Schoenoplectiella mucronata (L.) J.Jung & H.K.Choi","Cyperaceae","1"
"Schoenoplectus (Rchb.) Palla","Cyperaceae","1"
"Schwetschkea courtoisii Broth. & Paris","Leskeaceae","1"
"Scirpus juncoides var. hotarui (Ohwi) Ohwi","Cyperaceae","1"
"Scirpus karuisawensis Makino","Cyperaceae","1"
"Scirpus radicans Schkuhr","Cyperaceae","1"
"Scirpus Tourn. ex L.","Cyperaceae","1"
"Scirpus wallichii Nees","Cyperaceae","1"
"Scutellaria indica var. indica","Lamiaceae","1"
"Securinega Comm. ex A.Juss.","Phyllanthaceae","1"
"Securinega suffruticosa (Pall.) Rehder","Phyllanthaceae","1"
"Sedum aizoon Sibth.Herb. ex Boiss., 1875","Crassulaceae","1"
"Sedum erythrostictum Miq.","Crassulaceae","1"
"Sedum lineare Thunb.","Crassulaceae","1"
"Sedum orichalcum W.W.Sm.","Crassulaceae","1"
"Sedum tetractinum Fröd.","Crassulaceae","1"
"Selaginella kraussiana (Kunze) A.Braun","Selaginellaceae","1"
"Sematophyllum Mitt.","Sematophyllaceae","1"
"Senecio integrifolius Kern., 1871","Asteraceae","1"
"Senecio oldhamianus Maxim.","Asteraceae","1"
"Senecio scandens Buch.-Ham. ex D.Don","Asteraceae","1"
"Senna bicapsularis (L.) Roxb.","Fabaceae","1"
"Senna occidentalis (L.) Link","Fabaceae","1"
"Sequoiadendron giganteum (Lindl.) J.T.Buchholz","Cupressaceae","1"
"Serissa foetida (L.f.) Lam.","Rubiaceae","1"
"Sida L.","Malvaceae","1"
"Sida rhombifolia L.","Malvaceae","1"
"Siegesbeckia L.","Asteraceae","1"
"Sigesbeckia orientalis L.","Asteraceae","1"
"Silene koreana Kom.","Caryophyllaceae","1"
"Silene L.","Caryophyllaceae","1"
"Silene macrostyla Maxim.","Caryophyllaceae","1"
"Silene spathulifolia Jord.","Caryophyllaceae","1"
"Sinoadina racemosa (Siebold & Zucc.) Ridsdale","Rubiaceae","1"
"Sinocalamus affinis (Rendle) McClure","Poaceae","1"
"Sinomenium acutum (Thunb.) Rehder & E.H.Wilson","Menispermaceae","1"
"Siphonostegia chinensis Benth.","Orobanchaceae","1"
"Smilax china L.","Smilacaceae","1"
"Smilax ferox Wall. ex Kunth","Smilacaceae","1"
"Smilax L.","Smilacaceae","1"
"Smilax scobinicaulis C.H.Wright","Smilacaceae","1"
"Solanum dulcamara L.","Solanaceae","1"
"Solanum sisymbriifolium Lam.","Solanaceae","1"
"Sonchus asper (L.) Hill","Asteraceae","1"
"Sphenomeris chusana (L.) Copel.","Lindsaeaceae","1"
"Spiranthes australis (R.Br.) Lindl.","Orchidaceae","1"
"Spodiopogon cotulifer (Thunb.) Hack.","Poaceae","1"
"Stachys kouyangensis (Vaniot) Dunn","Lamiaceae","1"
"Stachyurus chinensis var. brachystachyus C.Y.Wu & S.K.Chen","Stachyuraceae","1"
"Stemona filifolia Schltr.","Stemonaceae","1"
"Stemona tuberosa Lour.","Stemonaceae","1"
"Stenoloma chusanum (L.) Ching","Lindsaeaceae","1"
"Stephania Lour.","Menispermaceae","1"
"Sterculia nobilis Salisb.R.Brown","Malvaceae","1"
"Stipa przewalskyi Roshev.","Poaceae","1"
"Strobilanthes cusia (Nees) Kuntze","Acanthaceae","1"
"Styrax faberi Perkins","Styracaceae","1"
"Styrax japonicus var. calycothrix Gilg","Styracaceae","1"
"Suaeda Scop.","Amaranthaceae","1"
"Swertia bimaculata (Siebold & Zucc.) Hook.fil. & Thomson ex C.B.Clarke","Gentianaceae","1"
"Symphytum officinale L.","Boraginaceae","1"
"Symphytum peregrinum Ledeb.","Boraginaceae","1"
"Symplocos glauca (Thunb.) Koidz.","Symplocaceae","1"
"Tagetes patula L.","Asteraceae","1"
"Tanacetum vulgare L.","Asteraceae","1"
"Taraxacum erythropodium Kitag.","Asteraceae","1"
"Taraxacum platypecidum Diels ex Limpr.","Asteraceae","1"
"Taraxacum variegatum Kitag.","Asteraceae","1"
"Taraxacum Weber","Asteraceae","1"
"Taxillus sutchuenensis (Lecomte) Danser","Loranthaceae","1"
"Taxodium distichum (L.) Rich.","Cupressaceae","1"
"Taxodium distichum var. imbricatum (Nutt.) Croom","Cupressaceae","1"
"Taxus cuspidata Siebold & Zucc.","Taxaceae","1"
"Tecomaria capensis (Thunb.) Spach","Bignoniaceae","1"
"Thalictrum fargesii Franch. ex Finet & Gagnep.","Ranunculaceae","1"
"Thalictrum L.","Ranunculaceae","1"
"Themeda japonica (Andersson) Tanaka","Poaceae","1"
"Thladiantha nudiflora Hemsl.","Cucurbitaceae","1"
"Thymus mongolicus (Ronniger) Ronniger","Lamiaceae","1"
"Tilia henryana Szyszyl.","Malvaceae","1"
"Tipularia szechuanica Schltr.","Orchidaceae","1"
"Torilis Adans.","Apiaceae","1"
"Torreya grandis Fortune ex Lindl.","Taxaceae","1"
"Torreya nucifera (L.) Siebold & Zucc.","Taxaceae","1"
"Toxicodendron succedaneum (L.) Kuntze","Anacardiaceae","1"
"Tradescantia pallida (Rose) D.R.Hunt","Commelinaceae","1"
"Trichostomum crispulum Bruch","Pottiaceae","1"
"Trifolium lupinaster L.","Fabaceae","1"
"Trigonotis peduncularis var. macrantha W.T.Wang","Boraginaceae","1"
"Triosteum pinnatifidum Maxim.","Caprifoliaceae","1"
"Tripterygium Hook.f.","Celastraceae","1"
"Triticum aestivum L.","Poaceae","1"
"Triticum L.","Poaceae","1"
"Triumfetta annua L.","Malvaceae","1"
"Tussilago farfara L.","Asteraceae","1"
"Typha davidiana (Kronf.) Hand.-Mazz.","Typhaceae","1"
"Typhonium divaricatum Blume","Araceae","1"
"Ulmus L.","Ulmaceae","1"
"Umbelliferae","Apiaceae","1"
"Utricularia aurea Lour.","Lentibulariaceae","1"
"Vaccaria segetalis (Neck.) Garcke ex Asch.","Caryophyllaceae","1"
"Vaccinium brachyandrum C.Y.Wu & R.C.Fang","Ericaceae","1"
"Vaccinium bracteatum Thunb.","Ericaceae","1"
"Vaccinium L.","Ericaceae","1"
"Vaccinium mandarinorum Diels","Ericaceae","1"
"Valeriana officinalis L.","Caprifoliaceae","1"
"Vernonia Schreb.","Asteraceae","1"
"Veronica linariifolia Pall. ex Link","Plantaginaceae","1"
"Viburnum cinnamomifolium Rehder","Viburnaceae","1"
"Viburnum ichangense (Hemsl.) Rehder","Viburnaceae","1"
"Viburnum L.","Viburnaceae","1"
"Viburnum propinquum var. mairei W.W.Sm.","Viburnaceae","1"
"Viburnum sargentii Koehne","Viburnaceae","1"
"Vicia sativa subsp. nigra Ehrh.","Fabaceae","1"
"Vicia unijuga A.Braun","Fabaceae","1"
"Vigna radiata var. radiata","Fabaceae","1"
"Vinca major subsp. major","Apocynaceae","1"
"Vinca rosea L.","Apocynaceae","1"
"Vincetoxicum N.M.Wolf","Apocynaceae","1"
"Viola betonicifolia subsp. nepalensis (Ging.) W.Becker","Violaceae","1"
"Viola L.","Violaceae","1"
"Viola philippica subsp. munda W.Becker","Violaceae","1"
"Viola prionantha Bunge","Violaceae","1"
"Viola verecunda A.Gray","Violaceae","1"
"Viola yunnanensis W.Becker & H.Boissieu","Violaceae","1"
"Viscum articulatum Burm.fil.","Viscaceae","1"
"Vitaceae","Vitaceae","1"
"Vitex agnus-castus L.","Lamiaceae","1"
"Vitex negundo L.","Lamiaceae","1"
"Vitex rotundifolia L.f.","Lamiaceae","1"
"Vitis betulifolia Diels & Gilg","Vitaceae","1"
"Vitis davidi (Rom.Caill.) Föex","Vitaceae","1"
"Vitis hancockii Hance","Vitaceae","1"
"Vitis sinocinerea W.T.Wang","Vitaceae","1"
"Weigela coraeensis Thunb.","Caprifoliaceae","1"
"Weigela florida (Bunge) A.DC.","Caprifoliaceae","1"
"Wisteria sinensis var. alba Lindl.","Fabaceae","1"
"Woodwardia japonica (L.fil.) Sm.","Blechnaceae","1"
"Xanthium chinense Mill.","Asteraceae","1"
"Xylosma japonica (Walp.) A.Gray","Salicaceae","1"
"Xylosma racemosa var. glaucescens Franch.","Salicaceae","1"
"Xylosma racemosum (Siebold & Zucc.) Miq.","Salicaceae","1"
"Yinshania furcatopilosa (K.C.Kuan) Y.H.Zhang","Brassicaceae","1"
"Youngia erythrocarpa (Vaniot) Babc. & Stebbins","Asteraceae","1"
"Youngia lyrata (Houtt.) Cass.","Asteraceae","1"
"Zanthoxylum setosum Hemsl.","Rutaceae","1"
"Zehneria Endl.","Cucurbitaceae","1"
"Zinnia linearis Benth.","Asteraceae","1"
"Zizania caduciflora Hand.-Mazz.","Poaceae","1"
"Zizania latifolia (Griseb.) Hance ex F.Muell.","Poaceae","1"
"Ziziphus jujuba Mill.","Rhamnaceae","1"
"Ziziphus jujuba var. inermis (Bunge) Rehder","Rhamnaceae","1"
"Ziziphus mauritiana Lam.","Rhamnaceae","1"
"Zornia diphylla (L.) Pers.","Fabaceae","1"
"Zoysia japonica Steud.","Poaceae","1"
"Abelia macrotera (Graebn. & Buchw.) Rehder","Caprifoliaceae","1"
